a11y-profile-manager-indicator	0.1.11-0ubuntu4
account-plugin-facebook	0.12+16.04.20160126-0ubuntu1
account-plugin-flickr	0.12+16.04.20160126-0ubuntu1
account-plugin-google	0.12+16.04.20160126-0ubuntu1
accountsservice	0.6.55-0ubuntu12~20.04.7
accountsservice-ubuntu-schemas	0.0.7+17.10.20170922-0ubuntu1
acl	2.2.53-6
acpid	1:2.0.32-1ubuntu1
acpi-support	0.143
activity-log-manager	0.9.7-0ubuntu27
adduser	3.118ubuntu2
adium-theme-ubuntu	0.3.4-0ubuntu4
adwaita-icon-theme	3.36.1-2ubuntu0.20.04.2
aisleriot	1:3.22.9-1
alsa-base	1.0.25+dfsg-0ubuntu5
alsa-topology-conf	1.2.2-1
alsa-ucm-conf	1.2.2-1ubuntu0.13
alsa-utils	1.2.2-1ubuntu2.1
amd64-microcode	3.20191218.1ubuntu1.3
anacron	2.3-29
apg	2.2.3.dfsg.1-5
apparmor	2.13.3-7ubuntu5.4
app-install-data	15.10
app-install-data-partner	19.04
appmenu-qt5	0.3.0+16.04.20170216-0ubuntu1
apport	2.20.11-0ubuntu27.30
apport-gtk	2.20.11-0ubuntu27.30
apport-symptoms	0.23
appstream	0.12.10-2
apt	2.0.10
apt-config-icons	0.12.10-2
apt-config-icons-hidpi	0.12.10-2
aptdaemon	1.1.1+bzr982-0ubuntu32.3
aptdaemon-data	1.1.1+bzr982-0ubuntu32.3
apt-transport-https	2.0.10
apturl	0.5.2ubuntu19
apturl-common	0.5.2ubuntu19
apt-utils	2.0.10
aspell	0.60.8-1ubuntu0.1
aspell-en	2018.04.16-0-1
at-spi2-core	2.36.0-2
attr	1:2.4.48-5
aufs-tools	1:4.14+20190211-1ubuntu1
augeas-lenses	1.12.0-1build1
autoconf	2.69-11.1
automake	1:1.16.1-4ubuntu6
autotools-dev	20180224.1
avahi-autoipd	0.7-4ubuntu7.3
avahi-daemon	0.7-4ubuntu7.3
avahi-utils	0.7-4ubuntu7.3
bamfdaemon	0.5.3+18.04.20180207.2-0ubuntu2
baobab	3.34.0-1
base-files	11ubuntu5.8
base-passwd	3.5.47
bash	5.0-6ubuntu1.2
bash-completion	1:2.10-1ubuntu1
bc	1.07.1-2build1
bind9-dnsutils	1:9.18.30-0ubuntu0.20.04.2
bind9-host	1:9.18.30-0ubuntu0.20.04.2
bind9-libs:amd64	1:9.18.30-0ubuntu0.20.04.2
binutils	2.34-6ubuntu1.11
binutils-common:amd64	2.34-6ubuntu1.11
binutils-x86-64-linux-gnu	2.34-6ubuntu1.11
blt	2.5.3+dfsg-4
bluez	5.53-0ubuntu3.9
bluez-cups	5.53-0ubuntu3.9
bluez-obexd	5.53-0ubuntu3.9
bolt	0.9.1-2~ubuntu20.04.2
branding-ubuntu	0.10
bridge-utils	1.6-2ubuntu1
brltty	6.0+dfsg-4ubuntu6
bsdmainutils	11.1.2ubuntu3
bsdutils	1:2.34-0.1ubuntu9.6
btrfs-progs	5.4.1-2
bubblewrap	0.4.0-1ubuntu4.1
build-essential	12.8ubuntu1.1
busybox-initramfs	1:1.30.1-4ubuntu6.5
busybox-static	1:1.30.1-4ubuntu6.5
bzip2	1.0.8-2
bzip2-doc	1.0.8-2
ca-certificates	20240203~20.04.1
cadvisor	0.20.5+dfsg-1
cgroupfs-mount	1.4
cgroup-tools	0.41-10
cheese	3.34.0-1ubuntu1
cheese-common	3.34.0-1ubuntu1
cinnamon-l10n	4.4.2-2
cloud-image-utils	0.31-7-gd99b2d76-0ubuntu1
colord	1.4.4-2
colord-data	1.4.4-2
command-not-found	20.04.6
compiz-core	1:0.9.14.1+20.04.20220820-0ubuntu1
compiz-plugins-default:amd64	1:0.9.14.1+20.04.20220820-0ubuntu1
conntrack	1:1.4.5-2
console-setup	1.194ubuntu3
console-setup-linux	1.194ubuntu3
coreutils	8.30-3ubuntu2
cpio	2.13+dfsg-2ubuntu0.4
cpp	4:9.3.0-1ubuntu2
cpp-7	7.5.0-6ubuntu2
cpp-9	9.4.0-1ubuntu1~20.04.2
cpu-checker	0.7-1.1
cracklib-runtime	2.9.6-3.2
crda	3.18-1build1
cri-tools	1.24.0-00
cron	3.0pl1-136ubuntu1
cryptsetup-bin	2:2.2.2-3ubuntu2.5
cups	2.3.1-9ubuntu1.9
cups-browsed	1.27.4-1ubuntu0.4
cups-bsd	2.3.1-9ubuntu1.9
cups-client	2.3.1-9ubuntu1.9
cups-common	2.3.1-9ubuntu1.9
cups-core-drivers	2.3.1-9ubuntu1.9
cups-daemon	2.3.1-9ubuntu1.9
cups-filters	1.27.4-1ubuntu0.4
cups-filters-core-drivers	1.27.4-1ubuntu0.4
cups-ipp-utils	2.3.1-9ubuntu1.9
cups-pk-helper	0.2.6-1ubuntu3
cups-ppdc	2.3.1-9ubuntu1.9
cups-server-common	2.3.1-9ubuntu1.9
curl	7.68.0-1ubuntu2.25
dash	0.5.10.2-6
db5.3-util	5.3.28+dfsg1-0.6ubuntu2
dbus	1.12.16-2ubuntu2.3
dbus-user-session	1.12.16-2ubuntu2.3
dbus-x11	1.12.16-2ubuntu2.3
db-util	1:5.3.21~exp1ubuntu2
dc	1.07.1-2build1
dconf-cli	0.36.0-1
dconf-gsettings-backend:amd64	0.36.0-1
dconf-service	0.36.0-1
dctrl-tools	2.24-3
debconf	1.5.73
debconf-i18n	1.5.73
debianutils	4.9.1
debootstrap	1.0.118ubuntu1.11
deja-dup	40.7-0ubuntu2
desktop-file-utils	0.24-1ubuntu3
dh-python	4.20191017ubuntu7
dictionaries-common	1.28.1
diffutils	1:3.7-3
dirmngr	2.2.19-3ubuntu2.5
distro-info	0.23ubuntu1.1
distro-info-data	0.43ubuntu1.18
dkms	2.8.1-5ubuntu2
dmeventd	2:1.02.167-1ubuntu1
dmidecode	3.2-3
dmsetup	2:1.02.167-1ubuntu1
dmz-cursor-theme	0.4.5ubuntu1
dnsmasq-base	2.90-0ubuntu0.20.04.1
dns-root-data	2024071801~ubuntu0.20.04.1
dnsutils	1:9.18.30-0ubuntu0.20.04.2
doc-base	0.10.9
docbook-xml	4.5-9
docker-ce	18.06.3~ce~3-0~ubuntu
dosfstools	4.1-2
dpkg	1.19.7ubuntu3.2
dpkg-dev	1.19.7ubuntu3.2
duplicity	0.8.11.1612-1
e2fslibs:amd64	1.45.5-2ubuntu1.2
e2fsprogs	1.45.5-2ubuntu1.2
e2fsprogs-l10n	1.45.5-2ubuntu1.2
ebtables	2.0.11-3build1
ed	1.16-1
efibootmgr	17-1
eject	2.1.5+deb1+cvs20081104-14
emacsen-common	3.0.4
enchant-2	2.2.8-1ubuntu0.20.04.1
eog	3.36.3-0ubuntu1
espeak-ng-data:amd64	1.50+dfsg-6ubuntu0.1
ethtool	1:5.4-1
evince	3.36.10-0ubuntu1
evince-common	3.36.10-0ubuntu1
evolution-data-server	3.36.5-0ubuntu1
evolution-data-server-common	3.36.5-0ubuntu1
example-content	51
exfat-fuse	1.3.0-1
exfat-utils	1.3.0-1
extlinux	3:6.04~git20190206.bf6db5b4+dfsg1-2
f2fs-tools	1.11.0-1.1ubuntu1
fakeroot	1.24-1
fdisk	2.34-0.1ubuntu9.6
file	1:5.38-4
file-roller	3.36.3-0ubuntu1.1
finalrd	6~ubuntu20.04.1
findutils	4.7.0-1ubuntu1
firefox	136.0+build3-0ubuntu0.20.04.1
firefox-locale-en	136.0+build3-0ubuntu0.20.04.1
fontconfig	2.13.1-2ubuntu3
fontconfig-config	2.13.1-2ubuntu3
fonts-beng	2:1.2
fonts-beng-extra	1.0-7
fonts-dejavu-core	2.37-1
fonts-deva	2:1.2
fonts-deva-extra	3.0-5
fonts-droid-fallback	1:6.0.1r16-1.1
fonts-freefont-ttf	20120503-10
fonts-gargi	2.0-4
fonts-gubbi	1.3-3
fonts-gujr	2:1.3
fonts-gujr-extra	1.0.1-1
fonts-guru	2:1.2
fonts-guru-extra	2.0-5
fonts-indic	2:1.3
fonts-kacst	2.01+mry-14
fonts-kacst-one	5.0+svn11846-10
fonts-kalapi	1.0-3
fonts-khmeros-core	5.0-7ubuntu1
fonts-knda	2:1.2
fonts-lao	0.0.20060226-9ubuntu1
fonts-lato	2.0-2
fonts-liberation	1:1.07.4-11
fonts-liberation2	2.1.0-1
fonts-lklug-sinhala	0.6-3
fonts-lohit-beng-assamese	2.91.5-1
fonts-lohit-beng-bengali	2.91.5-1
fonts-lohit-deva	2.95.4-4
fonts-lohit-gujr	2.92.4-4
fonts-lohit-guru	2.91.2-1
fonts-lohit-knda	2.5.4-2
fonts-lohit-mlym	2.92.2-1
fonts-lohit-orya	2.91.2-1
fonts-lohit-taml	2.91.3-1
fonts-lohit-taml-classical	2.5.4-1
fonts-lohit-telu	2.5.5-1
fonts-mlym	2:1.2
fonts-nakula	1.0-3
fonts-nanum	20180306-3
fonts-navilu	1.2-2
fonts-noto-cjk	1:20190410+repack1-2
fonts-noto-color-emoji	0~20200916-1~ubuntu20.04.1
fonts-noto-mono	20200323-1build1~ubuntu20.04.1
fonts-opensymbol	2:102.11+LibO6.4.7-0ubuntu0.20.04.15
fonts-orya	2:1.2
fonts-orya-extra	2.0-6
fonts-pagul	1.0-7
fonts-sahadeva	1.0-4
fonts-samyak-deva	1.2.2-4
fonts-samyak-gujr	1.2.2-4
fonts-samyak-mlym	1.2.2-4
fonts-samyak-taml	1.2.2-4
fonts-sarai	1.0-2
fonts-sil-abyssinica	2.000-1
fonts-sil-padauk	4.000-1
fonts-smc	1:7.1
fonts-smc-anjalioldlipi	7.1.2-1
fonts-smc-chilanka	1.400-1
fonts-smc-dyuthi	3.0.2-1
fonts-smc-gayathri	1.100-1
fonts-smc-karumbi	1.1.2-1
fonts-smc-keraleeyam	3.0.2-1
fonts-smc-manjari	1.710-1
fonts-smc-meera	7.0.3-1
fonts-smc-rachana	7.0.2-1
fonts-smc-raghumalayalamsans	2.2.1-1
fonts-smc-suruma	3.2.3-1
fonts-smc-uroob	2.0.2-1
fonts-symbola	2.60-1
fonts-takao-pgothic	00303.01-3ubuntu1
fonts-taml	2:1.3
fonts-telu	2:1.2
fonts-telu-extra	2.0-4
fonts-thai-tlwg	1:0.7.1-3
fonts-tibetan-machine	1.901b-5
fonts-tlwg-garuda	1:0.7.1-3
fonts-tlwg-garuda-ttf	1:0.7.1-3
fonts-tlwg-kinnari	1:0.7.1-3
fonts-tlwg-kinnari-ttf	1:0.7.1-3
fonts-tlwg-laksaman	1:0.7.1-3
fonts-tlwg-laksaman-ttf	1:0.7.1-3
fonts-tlwg-loma	1:0.7.1-3
fonts-tlwg-loma-ttf	1:0.7.1-3
fonts-tlwg-mono	1:0.7.1-3
fonts-tlwg-mono-ttf	1:0.7.1-3
fonts-tlwg-norasi	1:0.7.1-3
fonts-tlwg-norasi-ttf	1:0.7.1-3
fonts-tlwg-purisa	1:0.7.1-3
fonts-tlwg-purisa-ttf	1:0.7.1-3
fonts-tlwg-sawasdee	1:0.7.1-3
fonts-tlwg-sawasdee-ttf	1:0.7.1-3
fonts-tlwg-typewriter	1:0.7.1-3
fonts-tlwg-typewriter-ttf	1:0.7.1-3
fonts-tlwg-typist	1:0.7.1-3
fonts-tlwg-typist-ttf	1:0.7.1-3
fonts-tlwg-typo	1:0.7.1-3
fonts-tlwg-typo-ttf	1:0.7.1-3
fonts-tlwg-umpush	1:0.7.1-3
fonts-tlwg-umpush-ttf	1:0.7.1-3
fonts-tlwg-waree	1:0.7.1-3
fonts-tlwg-waree-ttf	1:0.7.1-3
fonts-ubuntu	0.83-4ubuntu1
fonts-urw-base35	20170801.1-3
fonts-yrsa-rasa	1.002-2
foomatic-db-compressed-ppds	20200401-1
fprintd	1.90.9-1~ubuntu20.04.1
friendly-recovery	0.2.41ubuntu0.20.04.1
ftp	0.17-34.1
fuse	2.9.9-3
fwupd	1.7.9-1~20.04.3
fwupdate	12-7
fwupd-signed	1.51.1~20.04.1+1.4-0ubuntu0.1
g++	4:9.3.0-1ubuntu2
g++-9	9.4.0-1ubuntu1~20.04.2
gamemode	1.5.1-0ubuntu3.1
gawk	1:5.0.1+dfsg-1ubuntu0.1
gcc-10-base:amd64	10.5.0-1ubuntu1~20.04
gcc	4:9.3.0-1ubuntu2
gcc-7	7.5.0-6ubuntu2
gcc-7-base:amd64	7.5.0-6ubuntu2
gcc-8-base:amd64	8.4.0-3ubuntu2
gcc-9	9.4.0-1ubuntu1~20.04.2
gcc-9-base:amd64	9.4.0-1ubuntu1~20.04.2
gconf2	3.2.6-4ubuntu1
gconf2-common	3.2.6-4ubuntu1
gcr	3.36.0-2build1
gdb	9.2-0ubuntu1~20.04.2
gdbserver	9.2-0ubuntu1~20.04.2
gdisk	1.0.5-1
gdm3	3.36.3-0ubuntu0.20.04.4
gedit	3.36.2-0ubuntu1
gedit-common	3.36.2-0ubuntu1
genisoimage	9:1.1.11-3.1ubuntu1
geoclue-2.0	2.5.6-0ubuntu1
gettext-base	0.19.8.1-10build1
ghostscript	9.50~dfsg-5ubuntu4.15
ghostscript-x	9.50~dfsg-5ubuntu4.15
gir1.2-accountsservice-1.0	0.6.55-0ubuntu12~20.04.7
gir1.2-appindicator3-0.1	12.10.1+20.04.20200408.1-0ubuntu1
gir1.2-atk-1.0:amd64	2.35.1-1ubuntu2
gir1.2-atspi-2.0:amd64	2.36.0-2
gir1.2-clutter-1.0:amd64	1.26.4+dfsg-1
gir1.2-clutter-gst-3.0:amd64	3.0.27-1
gir1.2-cogl-1.0:amd64	1.22.6-1
gir1.2-coglpango-1.0:amd64	1.22.6-1
gir1.2-dbusmenu-glib-0.4:amd64	16.04.1+18.10.20180917-0ubuntu6
gir1.2-dee-1.0	1.2.7+17.10.20170616-4ubuntu6
gir1.2-freedesktop:amd64	1.64.1-1~ubuntu20.04.1
gir1.2-gck-1:amd64	3.36.0-2build1
gir1.2-gcr-3:amd64	3.36.0-2build1
gir1.2-gdata-0.0:amd64	0.17.12-1
gir1.2-gdesktopenums-3.0:amd64	3.36.0-1ubuntu1
gir1.2-gdkpixbuf-2.0:amd64	2.40.0+dfsg-3ubuntu0.5
gir1.2-gdm-1.0:amd64	3.36.3-0ubuntu0.20.04.4
gir1.2-geoclue-2.0:amd64	2.5.6-0ubuntu1
gir1.2-glib-2.0:amd64	1.64.1-1~ubuntu20.04.1
gir1.2-gmenu-3.0:amd64	3.36.0-1ubuntu1
gir1.2-gnomebluetooth-1.0:amd64	3.34.3-0ubuntu1
gir1.2-gnomedesktop-3.0:amd64	3.36.8-0ubuntu1
gir1.2-goa-1.0:amd64	3.36.1-0ubuntu1
gir1.2-graphene-1.0:amd64	1.10.0-1build2
gir1.2-gst-plugins-base-1.0:amd64	1.16.3-0ubuntu1.4
gir1.2-gstreamer-1.0:amd64	1.16.3-0ubuntu1.2
gir1.2-gtk-3.0:amd64	3.24.20-0ubuntu1.2
gir1.2-gtkclutter-1.0:amd64	1.8.4-4
gir1.2-gtksource-4:amd64	4.6.0-1
gir1.2-gtk-vnc-2.0:amd64	1.0.0-1build1
gir1.2-gudev-1.0:amd64	1:233-1
gir1.2-gweather-3.0:amd64	3.36.1-1~ubuntu20.04.1
gir1.2-ibus-1.0:amd64	1.5.22-2ubuntu2.1
gir1.2-javascriptcoregtk-4.0:amd64	2.38.6-0ubuntu0.20.04.1
gir1.2-json-1.0:amd64	1.4.4-2ubuntu2
gir1.2-libosinfo-1.0:amd64	1.7.1-1
gir1.2-libvirt-glib-1.0:amd64	3.0.0-1
gir1.2-mutter-6:amd64	3.36.9-0ubuntu0.20.04.2
gir1.2-nm-1.0:amd64	1.22.10-1ubuntu2.4
gir1.2-nma-1.0:amd64	1.8.24-1ubuntu3
gir1.2-notify-0.7:amd64	0.7.9-1ubuntu3.20.04.2
gir1.2-packagekitglib-1.0	1.1.13-2ubuntu1.1
gir1.2-pango-1.0:amd64	1.44.7-2ubuntu4
gir1.2-peas-1.0:amd64	1.26.0-2
gir1.2-polkit-1.0	0.105-26ubuntu1.3
gir1.2-rsvg-2.0:amd64	2.48.9-1ubuntu0.20.04.4
gir1.2-secret-1:amd64	0.20.4-0ubuntu1
gir1.2-signon-1.0	1.14+17.04.20161117-0ubuntu5
gir1.2-snapd-1:amd64	1.58-0ubuntu0.20.04.0
gir1.2-soup-2.4:amd64	2.70.0-1ubuntu0.5
gir1.2-spiceclientglib-2.0:amd64	0.37-2fakesync1
gir1.2-spiceclientgtk-3.0:amd64	0.37-2fakesync1
gir1.2-totemplparser-1.0:amd64	3.26.5-1ubuntu1
gir1.2-udisks-2.0:amd64	2.8.4-1ubuntu2
gir1.2-unity-5.0:amd64	7.1.4+19.04.20190319-0ubuntu3
gir1.2-upowerglib-1.0:amd64	0.99.11-1build2
gir1.2-vte-2.91:amd64	0.60.3-0ubuntu1~20.5
gir1.2-webkit2-4.0:amd64	2.38.6-0ubuntu0.20.04.1
gir1.2-wnck-3.0:amd64	3.36.0-1
gist	5.0.0-4ubuntu1
git	1:2.25.1-1ubuntu3.14
git-man	1:2.25.1-1ubuntu3.14
gjs	1.64.5-0ubuntu0.20.04.01
gkbd-capplet	3.26.1-1
glib-networking:amd64	2.64.2-1ubuntu0.1
glib-networking-common	2.64.2-1ubuntu0.1
glib-networking-services	2.64.2-1ubuntu0.1
gnome-accessibility-themes	3.28-1ubuntu1
gnome-bluetooth	3.34.3-0ubuntu1
gnome-calculator	1:3.36.0-1ubuntu1
gnome-calendar	3.36.2-0ubuntu1
gnome-characters	3.34.0-1
gnome-control-center	1:3.36.5-0ubuntu4.1
gnome-control-center-data	1:3.36.5-0ubuntu4.1
gnome-control-center-faces	1:3.36.5-0ubuntu4.1
gnome-desktop3-data	3.36.8-0ubuntu1
gnome-disk-utility	3.36.3-0ubuntu1
gnome-font-viewer	3.34.0-2
gnome-getting-started-docs	3.36.2-0ubuntu0.1
gnome-initial-setup	3.36.2-0ubuntu2
gnome-keyring	3.36.0-1ubuntu1
gnome-keyring-pkcs11:amd64	3.36.0-1ubuntu1
gnome-logs	3.34.0-1ubuntu1
gnome-mahjongg	1:3.36.1-1
gnome-menus	3.36.0-1ubuntu1
gnome-mines	1:3.36.0-1
gnome-online-accounts	3.36.1-0ubuntu1
gnome-power-manager	3.32.0-2
gnome-screensaver	3.6.1-11ubuntu4
gnome-screenshot	3.36.0-1ubuntu1
gnome-session-bin	3.36.0-2ubuntu1
gnome-session-canberra	0.30-7ubuntu1
gnome-session-common	3.36.0-2ubuntu1
gnome-settings-daemon	3.36.1-0ubuntu1.1
gnome-settings-daemon-common	3.36.1-0ubuntu1.1
gnome-shell	3.36.9-0ubuntu0.20.04.5
gnome-shell-common	3.36.9-0ubuntu0.20.04.5
gnome-shell-extension-appindicator	33.1-0ubuntu0.20.04.2
gnome-shell-extension-desktop-icons	20.04.0-3~ubuntu20.04.6
gnome-shell-extension-ubuntu-dock	68ubuntu1~20.04.1
gnome-software-common	3.36.1-0ubuntu0.20.04.1
gnome-startup-applications	3.36.0-2ubuntu1
gnome-sudoku	1:3.36.0-1
gnome-system-log	3.9.90-8
gnome-system-monitor	3.36.1-0ubuntu0.20.04.1
gnome-terminal	3.36.2-1ubuntu1~20.04
gnome-terminal-data	3.36.2-1ubuntu1~20.04
gnome-themes-extra:amd64	3.28-1ubuntu1
gnome-themes-extra-data	3.28-1ubuntu1
gnome-todo	3.28.1-5
gnome-todo-common	3.28.1-5
gnome-user-docs	3.36.2+git20200704-0ubuntu0.1
gnome-user-share	3.18.3-3
gnome-video-effects	0.5.0-1ubuntu1
gnupg	2.2.19-3ubuntu2.5
gnupg2	2.2.19-3ubuntu2.5
gnupg-agent	2.2.19-3ubuntu2.5
gnupg-l10n	2.2.19-3ubuntu2.5
gnupg-utils	2.2.19-3ubuntu2.5
gpg	2.2.19-3ubuntu2.5
gpg-agent	2.2.19-3ubuntu2.5
gpgconf	2.2.19-3ubuntu2.5
gpgsm	2.2.19-3ubuntu2.5
gpgv	2.2.19-3ubuntu2.5
gpg-wks-client	2.2.19-3ubuntu2.5
gpg-wks-server	2.2.19-3ubuntu2.5
grep	3.4-1
grilo-plugins-0.3-base:amd64	0.3.11-1ubuntu1
groff-base	1.22.4-4build1
grub2-common	2.04-1ubuntu26.17
grub-common	2.04-1ubuntu26.17
grub-efi-amd64	2.06-2ubuntu14.8
grub-efi-amd64-bin	2.06-2ubuntu14.8
grub-efi-amd64-signed	1.187.12~20.04+2.06-2ubuntu14.8
gsettings-desktop-schemas	3.36.0-1ubuntu1
gsettings-ubuntu-schemas	0.0.7+17.10.20170922-0ubuntu1
gsfonts	1:8.11+urwcyr1.0.7~pre44-4.4
gstreamer1.0-alsa:amd64	1.16.3-0ubuntu1.4
gstreamer1.0-clutter-3.0:amd64	3.0.27-1
gstreamer1.0-gl:amd64	1.16.3-0ubuntu1.4
gstreamer1.0-gtk3:amd64	1.16.3-0ubuntu1.3
gstreamer1.0-packagekit	1.1.13-2ubuntu1.1
gstreamer1.0-plugins-base:amd64	1.16.3-0ubuntu1.4
gstreamer1.0-plugins-base-apps	1.16.3-0ubuntu1.4
gstreamer1.0-plugins-good:amd64	1.16.3-0ubuntu1.3
gstreamer1.0-pulseaudio:amd64	1.16.3-0ubuntu1.3
gstreamer1.0-tools	1.16.3-0ubuntu1.2
gstreamer1.0-x:amd64	1.16.3-0ubuntu1.4
gtk2-engines-murrine:amd64	0.98.2-3
gtk2-engines-pixbuf:amd64	2.24.32-4ubuntu4.1
gtk3-nocsd	3-1ubuntu1
gtk-update-icon-cache	3.24.20-0ubuntu1.2
gucharmap	1:13.0.1-1
guile-2.2-libs:amd64	2.2.7+1-4
gvfs:amd64	1.44.1-1ubuntu1.2
gvfs-backends	1.44.1-1ubuntu1.2
gvfs-bin	1.44.1-1ubuntu1.2
gvfs-common	1.44.1-1ubuntu1.2
gvfs-daemons	1.44.1-1ubuntu1.2
gvfs-fuse	1.44.1-1ubuntu1.2
gvfs-libs:amd64	1.44.1-1ubuntu1.2
gvncviewer	1.0.0-1build1
gzip	1.10-0ubuntu4.1
hddtemp	0.3-beta15-53
hdparm	9.58+ds-4
help2man	1.47.13
hfsplus	1.0.4-15
hicolor-icon-theme	0.17-2
hostname	3.23
hplip	3.20.3+dfsg0-2ubuntu0.1
hplip-data	3.20.3+dfsg0-2ubuntu0.1
htop	2.2.0-2build1
hud	14.10+17.10.20170619-0ubuntu3.1
humanity-icon-theme	0.6.15
hunspell-en-us	1:2018.04.16-1
hwdata	0.333-1
hyphen-en-ca	0.10
hyphen-en-us	2.8.8-7
hyphen-fi	0.10
hyphen-ga	0.10
hyphen-id	1:6.4.3-1
i965-va-driver:amd64	2.4.0-0ubuntu1
ibus	1.5.22-2ubuntu2.1
ibus-data	1.5.22-2ubuntu2.1
ibus-gtk3:amd64	1.5.22-2ubuntu2.1
ibus-gtk:amd64	1.5.22-2ubuntu2.1
ibus-table	1.9.25-1
ibverbs-providers:amd64	28.0-1ubuntu1
icoutils	0.32.3-3
ifupdown	0.8.35ubuntu1
iio-sensor-proxy	2.8-1ubuntu2
imagemagick-6-common	8:6.9.10.23+dfsg-2.1ubuntu11.11
imagemagick	8:6.9.10.23+dfsg-2.1ubuntu11.11
imagemagick-common	8:6.9.7.4+dfsg-16ubuntu6.15
im-config	0.44-1ubuntu1.3
indicator-application	12.10.1+19.04.20190308.1-0ubuntu3
indicator-appmenu	15.02.0+16.10.20160927-0ubuntu5
indicator-common	16.10.0+18.04.20180321.1-0ubuntu4
indicator-datetime	15.10+20.04.20200217-0ubuntu1
indicator-keyboard	0.0.0+19.10.20190716-0ubuntu3
indicator-messages	13.10.1+18.10.20180918-0ubuntu2
indicator-power	12.10.6+17.10.20170829.1-0ubuntu5
indicator-printers	0.1.7+17.10.20171101-0ubuntu2
indicator-session	17.3.20+19.10.20190921-0ubuntu1
indicator-sound	12.10.2+18.10.20180612-0ubuntu1
info	6.7.0.dfsg.2-5
init	1.57
initramfs-tools	0.136ubuntu6.7
initramfs-tools-bin	0.136ubuntu6.7
initramfs-tools-core	0.136ubuntu6.7
initscripts	2.88dsf-59.3ubuntu2
init-system-helpers	1.57
inputattach	1:1.7.0-1
insserv	1.14.0-5ubuntu3
install-info	6.7.0.dfsg.2-5
intel-gpu-tools	1.25-2
intel-media-va-driver:amd64	20.1.1+dfsg1-1
intel-microcode	3.20250512.0ubuntu0.20.04.1
inxi	3.0.38-1-0ubuntu1
iperf	2.0.13+dfsg1-1build1
ippusbxd	1.34-2ubuntu1
iproute2	5.5.0-1ubuntu1
iptables	1.8.4-3ubuntu2.1
iputils-arping	3:20190709-3ubuntu1
iputils-ping	3:20190709-3ubuntu1
iputils-tracepath	3:20190709-3ubuntu1
ipxe-qemu	1.0.0+git-20190109.133f4c4-0ubuntu3.2
ipxe-qemu-256k-compat-efi-roms	1.0.0+git-20150424.a25a16d-0ubuntu4
irqbalance	1.6.0-3ubuntu1
isc-dhcp-client	4.4.1-2.1ubuntu5.20.04.5
isc-dhcp-common	4.4.1-2.1ubuntu5.20.04.5
iso-codes	4.4-1
iucode-tool	2.3.1-1
iw	5.4-1
javascript-common	11
jayatana	2.7-0ubuntu5
kbd	2.0.4-4ubuntu2
kerneloops	0.12+git20140509-6ubuntu2
kerneloops-daemon	0.12+git20140509-2ubuntu1
keyboard-configuration	1.194ubuntu3
keyutils	1.6-6ubuntu1.1
klibc-utils	2.0.7-1ubuntu5.2
kmod	27-1ubuntu2.1
kpartx	0.8.3-1ubuntu2.4
krb5-locales	1.17-6ubuntu4.11
kubeadm	1.23.5-00
kubectl	1.24.1-00
kubelet	1.23.5-00
kubernetes-cni	0.8.7-00
language-pack-en	1:20.04+20220818
language-pack-en-base	1:20.04+20220818
language-pack-gnome-en	1:20.04+20220818
language-pack-gnome-en-base	1:20.04+20220818
language-selector-common	0.204.2
language-selector-gnome	0.204.2
laptop-detect	0.16
ldmtool	0.2.4-3
less	551-1ubuntu0.3
liba11y-profile-manager-0.1-0:amd64	0.1.11-0ubuntu4
liba11y-profile-manager-data	0.1.11-0ubuntu4
libaa1:amd64	1.4p5-46
libabw-0.1-1:amd64	0.1.3-1build1
libaccounts-glib0:amd64	1.23+17.04.20161104-0ubuntu3
libaccountsservice0:amd64	0.6.55-0ubuntu12~20.04.7
libacl1:amd64	2.2.53-6
libafflib0v5	3.7.18-3
libaio1:amd64	0.3.112-5
libalgorithm-diff-perl	1.19.03-2
libalgorithm-diff-xs-perl	0.04-6
libalgorithm-merge-perl	0.08-3
libamtk-5-0:amd64	5.0.2-1build1
libamtk-5-common	5.0.2-1build1
libao4:amd64	1.2.2+20180113-1ubuntu1
libao-common	1.2.2+20180113-1ubuntu1
libapache2-mod-dnssd	0.6-3.2
libapparmor1:amd64	2.13.3-7ubuntu5.4
libappindicator3-1	12.10.1+20.04.20200408.1-0ubuntu1
libappstream4:amd64	0.12.10-2
libappstream-glib8:amd64	0.7.16-1ubuntu1
libapt-pkg6.0:amd64	2.0.10
libarchive13:amd64	3.4.0-2ubuntu1.5
libargon2-0	0~20171227-0.2
libargon2-1:amd64	0~20171227-0.2
libasan4:amd64	7.5.0-6ubuntu2
libasan5:amd64	9.4.0-1ubuntu1~20.04.2
libasn1-8-heimdal:amd64	7.7.0+dfsg-1ubuntu1.4
libasound2:amd64	1.2.2-2.1ubuntu2.5
libasound2-data	1.2.2-2.1ubuntu2.5
libasound2-plugins:amd64	1.2.2-1ubuntu1
libaspell15:amd64	0.60.8-1ubuntu0.1
libassuan0:amd64	2.5.3-7ubuntu2
libasyncns0:amd64	0.8-6
libatasmart4:amd64	0.19-5
libatk1.0-0:amd64	2.35.1-1ubuntu2
libatk1.0-data	2.35.1-1ubuntu2
libatk-adaptor:amd64	2.34.2-0ubuntu2~20.04.1
libatk-bridge2.0-0:amd64	2.34.2-0ubuntu2~20.04.1
libatkmm-1.6-1v5:amd64	2.28.0-2build1
libatm1:amd64	1:2.5.1-4
libatomic1:amd64	10.5.0-1ubuntu1~20.04
libatopology2:amd64	1.2.2-2.1ubuntu2.5
libatspi2.0-0:amd64	2.36.0-2
libattr1:amd64	1:2.4.48-5
libaudit1:amd64	1:2.8.5-2ubuntu6
libaudit-common	1:2.8.5-2ubuntu6
libaugeas0:amd64	1.12.0-1build1
libauthen-sasl-perl	2.1600-1
libavahi-client3:amd64	0.7-4ubuntu7.3
libavahi-common3:amd64	0.7-4ubuntu7.3
libavahi-common-data:amd64	0.7-4ubuntu7.3
libavahi-core7:amd64	0.7-4ubuntu7.3
libavahi-glib1:amd64	0.7-4ubuntu7.3
libavahi-ui-gtk3-0:amd64	0.7-4ubuntu7.3
libavc1394-0:amd64	0.5.4-5
libbabeltrace1:amd64	1.5.8-1build1
libbamf3-2:amd64	0.5.3+18.04.20180207.2-0ubuntu2
libb-hooks-op-check-perl	0.22-1build2
libbinutils:amd64	2.34-6ubuntu1.11
libblkid1:amd64	2.34-0.1ubuntu9.6
libblockdev2:amd64	2.23-2ubuntu3
libblockdev-crypto2:amd64	2.23-2ubuntu3
libblockdev-fs2:amd64	2.23-2ubuntu3
libblockdev-loop2:amd64	2.23-2ubuntu3
libblockdev-part2:amd64	2.23-2ubuntu3
libblockdev-part-err2:amd64	2.23-2ubuntu3
libblockdev-swap2:amd64	2.23-2ubuntu3
libblockdev-utils2:amd64	2.23-2ubuntu3
libbluetooth3:amd64	5.53-0ubuntu3.9
libboost-date-time1.71.0:amd64	1.71.0-6ubuntu6
libboost-filesystem1.71.0:amd64	1.71.0-6ubuntu6
libboost-iostreams1.71.0:amd64	1.71.0-6ubuntu6
libboost-locale1.71.0:amd64	1.71.0-6ubuntu6
libboost-thread1.71.0:amd64	1.71.0-6ubuntu6
libbrlapi0.7:amd64	6.0+dfsg-4ubuntu6
libbrotli1:amd64	1.0.7-6ubuntu0.1
libbsd0:amd64	0.10.0-1
libbz2-1.0:amd64	1.0.8-2
libbz2-dev:amd64	1.0.8-2
libc6:amd64	2.31-0ubuntu9.18
libc6-dbg:amd64	2.31-0ubuntu9.18
libc6-dev:amd64	2.31-0ubuntu9.18
libcaca0:amd64	0.99.beta19-2.1ubuntu1.20.04.2
libcacard0:amd64	1:2.6.1-1
libcairo2:amd64	1.16.0-4ubuntu1
libcairo-gobject2:amd64	1.16.0-4ubuntu1
libcairo-gobject-perl	1.005-2
libcairomm-1.0-1v5:amd64	1.12.2-4build1
libcairo-perl	1.107-1
libcamel-1.2-62:amd64	3.36.5-0ubuntu1
libcanberra0:amd64	0.30-7ubuntu1
libcanberra-gtk3-0:amd64	0.30-7ubuntu1
libcanberra-gtk3-module:amd64	0.30-7ubuntu1
libcanberra-pulse:amd64	0.30-7ubuntu1
libcap2:amd64	1:2.32-1ubuntu0.2
libcap2-bin	1:2.32-1ubuntu0.2
libcap-ng0:amd64	0.7.9-2.1build1
libcapture-tiny-perl	0.48-1
libc-bin	2.31-0ubuntu9.18
libcbor0.6:amd64	0.6.0-0ubuntu1
libcc1-0:amd64	10.5.0-1ubuntu1~20.04
libc-dev-bin	2.31-0ubuntu9.18
libcdio17:amd64	1.0.0-2ubuntu2
libcdio18:amd64	2.0.0-2ubuntu0.2
libcdio-cdda2:amd64	10.2+2.0.0-1
libcdio-paranoia2:amd64	10.2+2.0.0-1
libcdparanoia0:amd64	3.10.2+debian-13
libcdr-0.1-1:amd64	0.1.6-1build2
libcgmanager0:amd64	0.39-2ubuntu5
libcgroup1:amd64	0.41-10
libcheese8:amd64	3.34.0-1ubuntu1
libcheese-gtk25:amd64	3.34.0-1ubuntu1
libcilkrts5:amd64	7.5.0-6ubuntu2
libclass-method-modifiers-perl	2.13-1
libclucene-contribs1v5:amd64	2.3.3.4+dfsg-1build1
libclucene-core1v5:amd64	2.3.3.4+dfsg-1build1
libclutter-1.0-0:amd64	1.26.4+dfsg-1
libclutter-1.0-common	1.26.4+dfsg-1
libclutter-gst-3.0-0:amd64	3.0.27-1
libclutter-gtk-1.0-0:amd64	1.8.4-4
libcmis-0.5-5v5	0.5.2-1ubuntu1
libcogl20:amd64	1.22.6-1
libcogl-common	1.22.6-1
libcogl-pango20:amd64	1.22.6-1
libcogl-path20:amd64	1.22.6-1
libcolamd2:amd64	1:5.7.1+dfsg-2
libcolord2:amd64	1.4.4-2
libcolord-gtk1:amd64	0.2.0-0ubuntu1
libcolorhug2:amd64	1.4.4-2
libcolumbus1-common	1.1.0+15.10.20150806-0ubuntu21
libcolumbus1v5:amd64	1.1.0+15.10.20150806-0ubuntu21
libcom-err2:amd64	1.45.5-2ubuntu1.2
libcomerr2:amd64	1.45.5-2ubuntu1.2
libcommon-sense-perl	3.74-2build6
libcompizconfig0:amd64	1:0.9.14.1+20.04.20220820-0ubuntu1
libconfig9:amd64	1.5-0.4build1
libcrack2:amd64	2.9.6-3.2
libcrypt1:amd64	1:4.4.10-10ubuntu4
libcrypt-dev:amd64	1:4.4.10-10ubuntu4
libcryptsetup12:amd64	2:2.2.2-3ubuntu2.5
libctf0:amd64	2.34-6ubuntu1.11
libctf-nobfd0:amd64	2.34-6ubuntu1.11
libcue2:amd64	2.2.1-2ubuntu0.1
libcups2:amd64	2.3.1-9ubuntu1.9
libcupsfilters1:amd64	1.27.4-1ubuntu0.4
libcupsimage2:amd64	2.3.1-9ubuntu1.9
libcurl3-gnutls:amd64	7.68.0-1ubuntu2.25
libcurl4:amd64	7.68.0-1ubuntu2.25
libdaemon0:amd64	0.14-7
libdata-dump-perl	1.23-1
libdate-manip-perl	6.79-1
libdatrie1:amd64	0.2.12-3
libdazzle-1.0-0:amd64	3.36.0-1
libdb5.3:amd64	5.3.28+dfsg1-0.6ubuntu2
libdb5.3-dev	5.3.28+dfsg1-0.6ubuntu2
libdbd-sqlite3-perl:amd64	1.64-1build1
libdbi-perl:amd64	1.643-1ubuntu0.1
libdbus-1-3:amd64	1.12.16-2ubuntu2.3
libdbus-glib-1-2:amd64	0.110-5fakssync1
libdbusmenu-glib4:amd64	16.04.1+18.10.20180917-0ubuntu6
libdbusmenu-gtk3-4:amd64	16.04.1+18.10.20180917-0ubuntu6
libdbusmenu-qt5-2:amd64	0.9.3+16.04.20160218-2build1
libdconf1:amd64	0.36.0-1
libdebconfclient0:amd64	0.251ubuntu1
libdecoration0:amd64	1:0.9.14.1+20.04.20220820-0ubuntu1
libdee-1.0-4:amd64	1.2.7+17.10.20170616-4ubuntu6
libdevmapper1.02.1:amd64	2:1.02.167-1ubuntu1
libdevmapper-event1.02.1:amd64	2:1.02.167-1ubuntu1
libdigest-bubblebabble-perl	0.02-2
libdigest-hmac-perl	1.03+dfsg-2
libdjvulibre21:amd64	3.5.27.1-14ubuntu0.1
libdjvulibre-text	3.5.27.1-14ubuntu0.1
libdmapsharing-3.0-2:amd64	2.9.39-6
libdns-export1109	1:9.11.16+dfsg-3~ubuntu1
libdns-export162	1:9.10.3.dfsg.P4-8ubuntu1.19
libdotconf0:amd64	1.3-0.3fakesync1
libdouble-conversion1:amd64	2.0.1-4ubuntu1
libdouble-conversion1v5:amd64	2.0.1-3ubuntu2
libdouble-conversion3:amd64	3.1.5-4ubuntu1
libdpkg-perl	1.19.7ubuntu3.2
libdrm2:amd64	2.4.107-8ubuntu1~20.04.2
libdrm-amdgpu1:amd64	2.4.107-8ubuntu1~20.04.2
libdrm-common	2.4.107-8ubuntu1~20.04.2
libdrm-intel1:amd64	2.4.107-8ubuntu1~20.04.2
libdrm-nouveau2:amd64	2.4.107-8ubuntu1~20.04.2
libdrm-radeon1:amd64	2.4.107-8ubuntu1~20.04.2
libdv4:amd64	1.0.0-12
libdw1:amd64	0.176-1.1ubuntu0.1
libebackend-1.2-10:amd64	3.36.5-0ubuntu1
libe-book-0.1-1:amd64	0.1.3-1build3
libebook-1.2-20:amd64	3.36.5-0ubuntu1
libebook-contacts-1.2-3:amd64	3.36.5-0ubuntu1
libecal-2.0-1:amd64	3.36.5-0ubuntu1
libedata-book-1.2-26:amd64	3.36.5-0ubuntu1
libedata-cal-2.0-1:amd64	3.36.5-0ubuntu1
libedataserver-1.2-24:amd64	3.36.5-0ubuntu1
libedataserverui-1.2-2:amd64	3.36.5-0ubuntu1
libedit2:amd64	3.1-20191231-1
libefiboot1:amd64	37-2ubuntu2.2
libefivar0:amd64	0.23-2
libefivar1:amd64	37-2ubuntu2.2
libegl1:amd64	1.3.2-1~ubuntu0.20.04.2
libegl1-mesa:amd64	21.2.6-0ubuntu0.1~20.04.2
libegl-mesa0:amd64	21.2.6-0ubuntu0.1~20.04.2
libelf1:amd64	0.176-1.1ubuntu0.1
libenchant-2-2:amd64	2.2.8-1ubuntu0.20.04.1
libencode-locale-perl	1.05-1
libeot0:amd64	0.01-5
libepoxy0:amd64	1.5.4-1
libepubgen-0.1-1:amd64	0.1.1-1ubuntu2
liberror-perl	0.17029-1
libespeak-ng1:amd64	1.50+dfsg-6ubuntu0.1
libestr0:amd64	0.1.10-2.1
libetonyek-0.1-1:amd64	0.1.9-3
libevdev2:amd64	1.9.0+dfsg-1ubuntu0.2
libevdocument3-4:amd64	3.36.10-0ubuntu1
libevent-2.1-7:amd64	2.1.11-stable-1
libevent-core-2.1-7:amd64	2.1.11-stable-1
libevent-pthreads-2.1-7:amd64	2.1.11-stable-1
libevview3-3:amd64	3.36.10-0ubuntu1
libewf2	20140807-2build1
libexempi3:amd64	2.4.5-2ubuntu0.1
libexempi8:amd64	2.5.1-1ubuntu0.1
libexif12:amd64	0.6.21-6ubuntu0.4
libexiv2-27:amd64	0.27.2-8ubuntu2.7
libexpat1:amd64	2.2.9-1ubuntu0.8
libexpat1-dev:amd64	2.2.9-1ubuntu0.8
libext2fs2:amd64	1.45.5-2ubuntu1.2
libexttextcat-2.0-0:amd64	3.4.5-1
libexttextcat-data	3.4.5-1
libextutils-depends-perl	0.8000-1
libextutils-pkgconfig-perl	1.16-1
libf2fs5:amd64	1.11.0-1.1ubuntu1
libf2fs-format4:amd64	1.11.0-1.1ubuntu1
libfakeroot:amd64	1.24-1
libfastjson4:amd64	0.99.8-2
libfcitx-config4:amd64	1:4.2.9.7-3
libfcitx-gclient1:amd64	1:4.2.9.7-3
libfcitx-utils0:amd64	1:4.2.9.7-3
libfdisk1:amd64	2.34-0.1ubuntu9.6
libfdt1:amd64	1.5.1-1
libffi7:amd64	3.3-4
libffi-dev:amd64	3.3-4
libfftw3-single3:amd64	3.3.8-2ubuntu1
libfido2-1:amd64	1.3.1-1ubuntu2
libfile-basedir-perl	0.08-1
libfile-desktopentry-perl	0.22-1
libfile-fcntllock-perl	0.22-3build4
libfile-listing-perl	6.04-1
libfile-mimeinfo-perl	0.29-1
libflac8:amd64	1.3.3-1ubuntu0.2
libfont-afm-perl	1.20-2
libfontconfig1:amd64	2.13.1-2ubuntu3
libfontconfig1-dev:amd64	2.13.1-2ubuntu3
libfontembed1:amd64	1.27.4-1ubuntu0.4
libfontenc1:amd64	1:1.1.4-0ubuntu1
libfprint-2-2:amd64	1:1.90.2+tod1-0ubuntu1~20.04.10
libframe6:amd64	2.5.0daily13.06.05+16.10.20160809-0ubuntu2
libfreehand-0.1-1	0.1.2-2ubuntu1
libfreerdp2-2:amd64	2.6.1+dfsg1-0ubuntu0.20.04.2
libfreerdp-client2-2:amd64	2.6.1+dfsg1-0ubuntu0.20.04.2
libfreetype6:amd64	2.10.1-2ubuntu0.4
libfreetype6-dev:amd64	2.10.1-2ubuntu0.4
libfreetype-dev:amd64	2.10.1-2ubuntu0.4
libfribidi0:amd64	1.0.8-2ubuntu0.1
libfuse2:amd64	2.9.9-3
libfwup0:amd64	0.5-2ubuntu7
libfwupd2:amd64	1.7.9-1~20.04.3
libfwupdplugin5:amd64	1.7.9-1~20.04.3
libgail18:amd64	2.24.32-4ubuntu4.1
libgail-3-0:amd64	3.24.20-0ubuntu1.2
libgail-common:amd64	2.24.32-4ubuntu4.1
libgamemode0	1.5.1-0ubuntu3.1
libgamemodeauto0	1.5.1-0ubuntu3.1
libgbm1:amd64	21.2.6-0ubuntu0.1~20.04.2
libgc1c2:amd64	1:7.6.4-0.4ubuntu1
libgcab-1.0-0:amd64	1.4-1
libgcc1	1:10.5.0-1ubuntu1~20.04
libgcc-7-dev:amd64	7.5.0-6ubuntu2
libgcc-9-dev:amd64	9.4.0-1ubuntu1~20.04.2
libgcc-s1:amd64	10.5.0-1ubuntu1~20.04
libgck-1-0:amd64	3.36.0-2build1
libgcr-base-3-1:amd64	3.36.0-2build1
libgcr-ui-3-1:amd64	3.36.0-2build1
libgcrypt11:amd64	1.5.3-2ubuntu4
libgcrypt20:amd64	1.8.5-5ubuntu1.1
libgd3:amd64	2.2.5-5.2ubuntu2.4
libgdata22:amd64	0.17.12-1
libgdata-common	0.17.12-1
libgdbm3:amd64	1.8.3-13.1
libgdbm6:amd64	1.18.1-5
libgdbm-compat4:amd64	1.18.1-5
libgdbm-dev:amd64	1.18.1-5
libgdk-pixbuf2.0-0:amd64	2.40.0+dfsg-3ubuntu0.5
libgdk-pixbuf2.0-bin	2.40.0+dfsg-3ubuntu0.5
libgdk-pixbuf2.0-common	2.40.0+dfsg-3ubuntu0.5
libgdm1	3.36.3-0ubuntu0.20.04.4
libgee-0.8-2:amd64	0.20.3-1
libgeis1:amd64	2.2.17+16.04.20160126-0ubuntu6
libgeoclue-2-0:amd64	2.5.6-0ubuntu1
libgeocode-glib0:amd64	3.26.2-2
libgeonames0:amd64	0.2+17.04.20170220-0ubuntu3
libgeonames-common	0.2+17.04.20170220-0ubuntu3
libgexiv2-2:amd64	0.12.0-2
libgif7:amd64	5.1.9-1ubuntu0.1
libgirepository-1.0-1:amd64	1.64.1-1~ubuntu20.04.1
libgjs0g:amd64	1.64.5-0ubuntu0.20.04.01
libgl1:amd64	1.3.2-1~ubuntu0.20.04.2
libgl1-mesa-dri:amd64	21.2.6-0ubuntu0.1~20.04.2
libgl1-mesa-glx:amd64	21.2.6-0ubuntu0.1~20.04.2
libglapi-mesa:amd64	21.2.6-0ubuntu0.1~20.04.2
libgles2:amd64	1.3.2-1~ubuntu0.20.04.2
libglewmx1.13:amd64	1.13.0-4ubuntu3
libglib2.0-0:amd64	2.64.6-1~ubuntu20.04.9
libglib2.0-bin	2.64.6-1~ubuntu20.04.9
libglib2.0-data	2.64.6-1~ubuntu20.04.9
libglibmm-2.4-1v5:amd64	2.64.2-1
libglib-object-introspection-perl	0.048-2build1
libglib-perl:amd64	3:1.329.2-1
libglu1-mesa:amd64	9.0.1-1build1
libglvnd0:amd64	1.3.2-1~ubuntu0.20.04.2
libglx0:amd64	1.3.2-1~ubuntu0.20.04.2
libglx-mesa0:amd64	21.2.6-0ubuntu0.1~20.04.2
libgmp10:amd64	2:6.2.0+dfsg-4ubuntu0.1
libgnome-autoar-0-0:amd64	0.2.3-2ubuntu0.4
libgnome-bluetooth13:amd64	3.34.3-0ubuntu1
libgnome-desktop-3-19:amd64	3.36.8-0ubuntu1
libgnome-games-support-1-3:amd64	1.6.1-1
libgnome-games-support-common	1.6.1-1
libgnomekbd8:amd64	3.26.1-1
libgnomekbd-common	3.26.1-1
libgnome-keyring0:amd64	3.12.0-1build1
libgnome-menu-3-0:amd64	3.36.0-1ubuntu1
libgnome-todo	3.28.1-5
libgnutls30:amd64	3.6.13-2ubuntu1.12
libgnutls-openssl27:amd64	3.6.13-2ubuntu1.12
libgoa-1.0-0b:amd64	3.36.1-0ubuntu1
libgoa-1.0-common	3.36.1-0ubuntu1
libgoa-backend-1.0-1:amd64	3.36.1-0ubuntu1
libgom-1.0-0:amd64	0.4-1
libgomp1:amd64	10.5.0-1ubuntu1~20.04
libgovirt2:amd64	0.3.4-3.1
libgovirt-common	0.3.4-3.1
libgpg-error0:amd64	1.37-1
libgpg-error-l10n	1.37-1
libgpgme11:amd64	1.13.1-7ubuntu2.2
libgpgmepp6:amd64	1.13.1-7ubuntu2.2
libgphoto2-6:amd64	2.5.25-0ubuntu0.1
libgphoto2-l10n	2.5.25-0ubuntu0.1
libgphoto2-port12:amd64	2.5.25-0ubuntu0.1
libgpm2:amd64	1.20.7-5
libgpod4:amd64	0.8.3-15
libgpod-common	0.8.3-15
libgrail6:amd64	3.1.1-2build1
libgraphene-1.0-0:amd64	1.10.0-1build2
libgraphite2-3:amd64	1.3.13-11build1
libgrilo-0.3-0:amd64	0.3.12-1ubuntu0.1
libgs9:amd64	9.50~dfsg-5ubuntu4.15
libgs9-common	9.50~dfsg-5ubuntu4.15
libgsettings-qt1:amd64	0.2-1
libgsf-1-114:amd64	1.14.46-1ubuntu0.1
libgsf-1-common	1.14.46-1ubuntu0.1
libgsound0:amd64	1.0.2-4
libgspell-1-2:amd64	1.8.3-1
libgspell-1-common	1.8.3-1
libgssapi3-heimdal:amd64	7.7.0+dfsg-1ubuntu1.4
libgssapi-krb5-2:amd64	1.17-6ubuntu4.11
libgssdp-1.2-0:amd64	1.2.3-0ubuntu0.20.04.1
libgstreamer1.0-0:amd64	1.16.3-0ubuntu1.2
libgstreamer-gl1.0-0:amd64	1.16.3-0ubuntu1.4
libgstreamer-plugins-base1.0-0:amd64	1.16.3-0ubuntu1.4
libgstreamer-plugins-good1.0-0:amd64	1.16.3-0ubuntu1.3
libgtk2.0-0:amd64	2.24.32-4ubuntu4.1
libgtk2.0-bin	2.24.32-4ubuntu4.1
libgtk2.0-common	2.24.32-4ubuntu4.1
libgtk-3-0:amd64	3.24.20-0ubuntu1.2
libgtk-3-bin	3.24.20-0ubuntu1.2
libgtk-3-common	3.24.20-0ubuntu1.2
libgtk3-nocsd0:amd64	3-1ubuntu1
libgtk3-perl	0.037-1
libgtkmm-3.0-1v5:amd64	3.24.2-1build1
libgtksourceview-4-0:amd64	4.6.0-1
libgtksourceview-4-common	4.6.0-1
libgtk-vnc-2.0-0:amd64	1.0.0-1build1
libgtop-2.0-11:amd64	2.40.0-2
libgtop2-common	2.40.0-2
libgucharmap-2-90-7:amd64	1:13.0.1-1
libgudev-1.0-0:amd64	1:233-1
libguestfs0:amd64	1:1.40.2-7ubuntu5
libguestfs-hfsplus:amd64	1:1.40.2-7ubuntu5
libguestfs-perl	1:1.40.2-7ubuntu5
libguestfs-reiserfs:amd64	1:1.40.2-7ubuntu5
libguestfs-tools	1:1.40.2-7ubuntu5
libguestfs-xfs:amd64	1:1.40.2-7ubuntu5
libgupnp-1.2-0:amd64	1.2.4-0ubuntu1
libgupnp-av-1.0-2	0.12.11-2
libgupnp-dlna-2.0-3	0.10.5-4
libgusb2:amd64	0.3.4-0.1
libgutenprint2	5.2.13-2
libgvnc-1.0-0:amd64	1.0.0-1build1
libgweather-3-16:amd64	3.36.1-1~ubuntu20.04.1
libgweather-common	3.36.1-1~ubuntu20.04.1
libgxps2:amd64	0.3.1-1
libhandy-0.0-0:amd64	0.0.13-1
libharfbuzz0b:amd64	2.6.4-1ubuntu4.3
libharfbuzz-icu0:amd64	2.6.4-1ubuntu4.3
libhcrypto4-heimdal:amd64	7.7.0+dfsg-1ubuntu1.4
libheimbase1-heimdal:amd64	7.7.0+dfsg-1ubuntu1.4
libheimntlm0-heimdal:amd64	7.7.0+dfsg-1ubuntu1.4
libhfsp0	1.0.4-15
libhivex0:amd64	1.3.18-2ubuntu0.1
libhogweed5:amd64	3.5.1+really3.5.1-2ubuntu0.2
libhpmud0:amd64	3.20.3+dfsg0-2ubuntu0.1
libhtml-format-perl	2.12-1
libhtml-form-perl	6.07-1
libhtml-parser-perl	3.72-5
libhtml-tagset-perl	3.20-4
libhtml-tree-perl	5.07-2
libhttp-cookies-perl	6.08-1
libhttp-daemon-perl	6.06-1ubuntu0.1
libhttp-date-perl	6.05-1
libhttp-message-perl	6.22-1
libhttp-negotiate-perl	6.01-1
libhunspell-1.7-0:amd64	1.7.0-2build2
libhx509-5-heimdal:amd64	7.7.0+dfsg-1ubuntu1.4
libhybris	0.1.0+git20151016+6d424c9-0ubuntu7
libhyphen0:amd64	2.8.8-7
libibus-1.0-5:amd64	1.5.22-2ubuntu2.1
libibverbs1:amd64	28.0-1ubuntu1
libical3:amd64	3.0.8-1
libice6:amd64	2:1.0.10-0ubuntu1
libice-dev:amd64	2:1.0.10-0ubuntu1
libicu66:amd64	66.1-2ubuntu2.1
libidn11:amd64	1.33-2.2ubuntu2
libidn2-0:amd64	2.2.0-2
libido3-0.1-0:amd64	13.10.0+17.04.20161028-0ubuntu2
libiec61883-0:amd64	1.2.0-3
libieee1284-3:amd64	0.2.11-13build1
libigdgmm11:amd64	20.1.1+ds1-1
libijs-0.35:amd64	0.35-15
libimagequant0:amd64	2.12.2-1.1
libimobiledevice6:amd64	1.2.1~git20191129.9f79242-1build1
libindicator3-7	16.10.0+18.04.20180321.1-0ubuntu4
libinput10:amd64	1.15.5-1ubuntu0.3
libinput-bin	1.15.5-1ubuntu0.3
libintl-perl	1.26-2build4
libintl-xs-perl	1.26-2build4
libio-html-perl	1.001-1
libio-socket-inet6-perl	2.72-2
libio-socket-ssl-perl	2.067-1
libio-stringy-perl	2.111-3
libip4tc2:amd64	1.8.4-3ubuntu2.1
libip6tc0:amd64	1.6.1-2ubuntu2.1
libip6tc2:amd64	1.8.4-3ubuntu2.1
libipc-system-simple-perl	1.26-1
libipsec-mb0	0.53-1
libisc169:amd64	1:9.11.3+dfsg-1ubuntu1.18
libisc-export1105:amd64	1:9.11.16+dfsg-3~ubuntu1
libisc-export160	1:9.10.3.dfsg.P4-8ubuntu1.19
libiscsi7:amd64	1.18.0-2
libisl22:amd64	0.22.1-1
libitm1:amd64	10.5.0-1ubuntu1~20.04
libiw30:amd64	30~pre9-13ubuntu1
libjack-jackd2-0:amd64	1.9.12~dfsg-2ubuntu2
libjansson4:amd64	2.12-1build1
libjavascriptcoregtk-4.0-18:amd64	2.38.6-0ubuntu0.20.04.1
libjbig0:amd64	2.1-3.1ubuntu0.20.04.1
libjbig2dec0:amd64	0.18-1ubuntu1
libjcat1:amd64	0.1.4-0ubuntu0.20.04.1
libjpeg8:amd64	8c-2ubuntu8
libjpeg-turbo8:amd64	2.0.3-0ubuntu1.20.04.3
libjs-jquery	3.3.1~dfsg-3ubuntu0.1
libjson-c2:amd64	0.11-4ubuntu2.6
libjson-c3:amd64	0.12.1-1.3ubuntu0.3
libjson-c4:amd64	0.13.1+dfsg-7ubuntu0.3
libjson-glib-1.0-0:amd64	1.4.4-2ubuntu2
libjson-glib-1.0-common	1.4.4-2ubuntu2
libjson-xs-perl	4.020-1build1
libjudydebian1	1.0.5-5
libjuh-java	1:6.4.7-0ubuntu0.20.04.15
libjurt-java	1:6.4.7-0ubuntu0.20.04.15
libk5crypto3:amd64	1.17-6ubuntu4.11
libkeyutils1:amd64	1.6-6ubuntu1.1
libklibc:amd64	2.0.7-1ubuntu5.2
libkmod2:amd64	27-1ubuntu2.1
libkpathsea6:amd64	2019.20190605.51237-3ubuntu0.2
libkrb5-26-heimdal:amd64	7.7.0+dfsg-1ubuntu1.4
libkrb5-3:amd64	1.17-6ubuntu4.11
libkrb5support0:amd64	1.17-6ubuntu4.11
libksba8:amd64	1.3.5-2ubuntu0.20.04.2
liblangtag1:amd64	0.6.3-1
liblangtag-common	0.6.3-1
liblcms2-2:amd64	2.9-4
liblcms2-utils	2.9-4
libldap-2.4-2:amd64	2.4.49+dfsg-2ubuntu1.10
libldap-common	2.4.49+dfsg-2ubuntu1.10
libldb2:amd64	2:2.4.4-0ubuntu0.20.04.2
libldm-1.0-0:amd64	0.2.4-3
liblightdm-gobject-1-0:amd64	1.30.0-0ubuntu4~20.04.2
liblirc-client0:amd64	0.10.1-6.1ubuntu1.1
libllvm12:amd64	1:12.0.0-3ubuntu1~20.04.5
liblmdb0:amd64	0.9.24-1
liblocale-gettext-perl	1.07-4
liblouis20:amd64	3.12.0-3ubuntu0.2
liblouis-data	3.12.0-3ubuntu0.2
liblouisutdml9:amd64	2.8.0-3
liblouisutdml-bin	2.8.0-3
liblouisutdml-data	2.8.0-3
liblsan0:amd64	10.5.0-1ubuntu1~20.04
libltdl7:amd64	2.4.6-14
libltdl-dev:amd64	2.4.6-14
liblua5.3-0:amd64	5.3.3-1.1ubuntu2
liblvm2cmd2.03:amd64	2.03.07-1ubuntu1
liblwp-mediatypes-perl	6.04-1
liblwp-protocol-https-perl	6.07-2ubuntu2
liblwres160:amd64	1:9.11.3+dfsg-1ubuntu1.18
liblz4-1:amd64	1.9.2-2ubuntu0.20.04.1
liblzma5:amd64	5.2.4-1ubuntu1.1
liblzma-dev:amd64	5.2.4-1ubuntu1.1
liblzo2-2:amd64	2.10-2
libmagic1:amd64	1:5.38-4
libmagic-mgc	1:5.38-4
libmailtools-perl	2.21-1
libmaxminddb0:amd64	1.4.2-0ubuntu1.20.04.1
libmbim-glib4:amd64	1.26.2-1~ubuntu20.04.1
libmbim-proxy	1.26.2-1~ubuntu20.04.1
libmediaart-2.0-0:amd64	1.9.4-2
libmessaging-menu0:amd64	13.10.1+18.10.20180918-0ubuntu2
libmetacity1:amd64	1:3.36.1-1ubuntu1
libmhash2:amd64	0.9.9.9-8
libminiupnpc17:amd64	2.1.20190824-0ubuntu2
libmm-glib0:amd64	1.18.6-1~ubuntu20.04.1
libmng2:amd64	2.0.3+dfsg-3
libmnl0:amd64	1.0.4-2
libmount1:amd64	2.34-0.1ubuntu9.6
libmozjs-68-0:amd64	68.6.0-1ubuntu1
libmp3lame0:amd64	3.100-3
libmpc3:amd64	1.1.0-1
libmpdec2:amd64	2.4.2-3
libmpfr6:amd64	4.0.2-1
libmpg123-0:amd64	1.25.13-1ubuntu0.2
libmpx2:amd64	8.4.0-3ubuntu2
libmspub-0.1-1:amd64	0.1.4-1build3
libmtdev1:amd64	1.1.5-1.1
libmtp9:amd64	1.1.17-3
libmtp-common	1.1.17-3
libmtp-runtime	1.1.17-3
libmutter-6-0:amd64	3.36.9-0ubuntu0.20.04.2
libmwaw-0.3-3:amd64	0.3.15-2build1
libmysqlclient21:amd64	8.0.42-0ubuntu0.20.04.1
libmythes-1.2-0:amd64	2:1.2.4-3build1
libnatpmp1:amd64	20150609-7build1
libnautilus-extension1a:amd64	1:3.36.3-0ubuntu1.20.04.2
libncurses5:amd64	6.2-0ubuntu2.1
libncurses5-dev:amd64	6.2-0ubuntu2.1
libncurses6:amd64	6.2-0ubuntu2.1
libncurses-dev:amd64	6.2-0ubuntu2.1
libncursesw5:amd64	6.2-0ubuntu2.1
libncursesw5-dev:amd64	6.2-0ubuntu2.1
libncursesw6:amd64	6.2-0ubuntu2.1
libndp0:amd64	1.7-0ubuntu1.1
libnemo-extension1:amd64	4.4.2-2ubuntu2
libneon27-gnutls:amd64	0.30.2-4
libnet-dbus-perl	1.2.0-1
libnetfilter-conntrack3:amd64	1.0.7-2
libnet-http-perl	6.19-1
libnet-libidn-perl	0.12.ds-3build2
libnetpbm10	2:10.0-15.3build1
libnetplan0:amd64	0.104-0ubuntu2~20.04.6
libnet-smtp-ssl-perl	1.04-1
libnet-ssleay-perl	1.88-2ubuntu1
libnettle6:amd64	3.4.1-0ubuntu0.18.04.1
libnettle7:amd64	3.5.1+really3.5.1-2ubuntu0.2
libnewt0.52:amd64	0.52.21-4ubuntu2
libnfnetlink0:amd64	1.0.1-3build1
libnfs13:amd64	4.0.0-1
libnfsidmap2:amd64	0.25-5.1ubuntu1
libnftnl11:amd64	1.1.5-1
libnghttp2-14:amd64	1.40.0-1ubuntu0.3
libnih1:amd64	1.0.3-6ubuntu2
libnih-dbus1:amd64	1.0.3-6ubuntu2
libnl-3-200:amd64	3.4.0-1ubuntu0.1
libnl-genl-3-200:amd64	3.4.0-1ubuntu0.1
libnl-route-3-200:amd64	3.4.0-1ubuntu0.1
libnm0:amd64	1.22.10-1ubuntu2.4
libnma0:amd64	1.8.24-1ubuntu3
libnotify4:amd64	0.7.9-1ubuntu3.20.04.2
libnotify-bin	0.7.9-1ubuntu3.20.04.2
libnpth0:amd64	1.6-1
libnspr4:amd64	2:4.35-0ubuntu0.20.04.1
libnspr4-dev	2:4.35-0ubuntu0.20.04.1
libnss3:amd64	2:3.98-0ubuntu0.20.04.2
libnss3-dev:amd64	2:3.98-0ubuntu0.20.04.2
libnss-mdns:amd64	0.14.1-1ubuntu1
libnss-myhostname:amd64	245.4-4ubuntu3.24
libnss-mymachines:amd64	245.4-4ubuntu3.24
libnss-systemd:amd64	245.4-4ubuntu3.24
libntfs-3g883	1:2017.3.23AR.3-3ubuntu1.3
libnuma1:amd64	2.0.12-1
libnux-4.0-0	4.0.8+18.10.20180623-0ubuntu1
libnux-4.0-common	4.0.8+18.10.20180623-0ubuntu1
liboauth0:amd64	1.0.3-4
libodfgen-0.1-1:amd64	0.1.7-1ubuntu2
libogg0:amd64	1.3.4-0ubuntu1
libopengl0:amd64	1.3.2-1~ubuntu0.20.04.2
libopenjp2-7:amd64	2.3.1-1ubuntu4.20.04.4
libopts25:amd64	1:5.18.16-3
libopus0:amd64	1.3.1-0ubuntu1
liborc-0.4-0:amd64	1:0.4.31-1ubuntu0.1
liborcus-0.15-0:amd64	0.15.3-3build2
libosinfo-1.0-0:amd64	1.7.1-1
libp11-kit0:amd64	0.23.20-1ubuntu0.1
libpackagekit-glib2-18:amd64	1.1.13-2ubuntu1.1
libpackage-stash-xs-perl	0.29-1build1
libpagemaker-0.0-0:amd64	0.0.4-1build1
libpam0g:amd64	1.3.1-5ubuntu4.7
libpam-fprintd:amd64	1.90.9-1~ubuntu20.04.1
libpam-gnome-keyring:amd64	3.36.0-1ubuntu1
libpam-modules:amd64	1.3.1-5ubuntu4.7
libpam-modules-bin	1.3.1-5ubuntu4.7
libpam-runtime	1.3.1-5ubuntu4.7
libpam-systemd:amd64	245.4-4ubuntu3.24
libpango-1.0-0:amd64	1.44.7-2ubuntu4
libpangocairo-1.0-0:amd64	1.44.7-2ubuntu4
libpangoft2-1.0-0:amd64	1.44.7-2ubuntu4
libpangomm-1.4-1v5:amd64	2.42.0-2build1
libpangoxft-1.0-0:amd64	1.44.7-2ubuntu4
libpaper1:amd64	1.1.28
libpaper-utils	1.1.28
libparted2:amd64	3.3-4ubuntu0.20.04.1
libparted-fs-resize0:amd64	3.3-4ubuntu0.20.04.1
libpcap0.8:amd64	1.9.1-3ubuntu1.20.04.1
libpcap0.8-dev:amd64	1.9.1-3ubuntu1.20.04.1
libpcap-dev:amd64	1.9.1-3ubuntu1.20.04.1
libpcaudio0:amd64	1.1-4
libpci3:amd64	1:3.6.4-1ubuntu0.20.04.1
libpciaccess0:amd64	0.16-0ubuntu1
libpcre2-16-0:amd64	10.34-7ubuntu0.1
libpcre2-32-0:amd64	10.34-7ubuntu0.1
libpcre2-8-0:amd64	10.34-7ubuntu0.1
libpcre3:amd64	2:8.39-12ubuntu0.1
libpcsclite1:amd64	1.8.26-3
libpeas-1.0-0:amd64	1.26.0-2
libpeas-common	1.26.0-2
libperl5.22:amd64	5.22.1-9ubuntu0.9
libperl5.30:amd64	5.30.0-9ubuntu0.5
libperlio-gzip-perl	0.19-1build5
libphodav-2.0-0:amd64	2.4-1
libphodav-2.0-common	2.4-1
libphonenumber7:amd64	7.1.0-5ubuntu11
libpipeline1:amd64	1.5.2-2build1
libpixman-1-0:amd64	0.38.4-0ubuntu2.1
libpkcs11-helper1:amd64	1.26-1
libplist3:amd64	2.1.0-4build2
libplymouth4:amd64	0.9.3-1ubuntu7.18.04.2
libplymouth5:amd64	0.9.4git20200323-0ubuntu6.2
libpmem1:amd64	1.8-1ubuntu1
libpng12-0:amd64	1.2.54-1ubuntu1.1
libpng12-dev:amd64	1.2.54-1ubuntu1.1
libpng16-16:amd64	1.6.37-2
libpolkit-agent-1-0:amd64	0.105-26ubuntu1.3
libpolkit-gobject-1-0:amd64	0.105-26ubuntu1.3
libpoppler97:amd64	0.86.1-0ubuntu1.7
libpoppler-cpp0v5:amd64	0.86.1-0ubuntu1.7
libpoppler-glib8:amd64	0.86.1-0ubuntu1.7
libpopt0:amd64	1.16-14
libprocps4:amd64	2:3.3.10-4ubuntu2.5
libprocps8:amd64	2:3.3.16-1ubuntu2.4
libprotobuf17:amd64	3.6.1.3-2ubuntu5.2
libproxy1-plugin-gsettings:amd64	0.4.15-10ubuntu1.2
libproxy1-plugin-networkmanager:amd64	0.4.15-10ubuntu1.2
libproxy1v5:amd64	0.4.15-10ubuntu1.2
libpsl5:amd64	0.21.0-1ubuntu1
libpthread-stubs0-dev:amd64	0.4-1
libpulse0:amd64	1:13.99.1-1ubuntu3.13
libpulsedsp:amd64	1:13.99.1-1ubuntu3.13
libpulse-mainloop-glib0:amd64	1:13.99.1-1ubuntu3.13
libpwquality1:amd64	1.4.2-1build1
libpwquality-common	1.4.2-1build1
libpython2.7-minimal:amd64	2.7.18-1~20.04.7
libpython2.7-stdlib:amd64	2.7.18-1~20.04.7
libpython2-stdlib:amd64	2.7.17-2ubuntu4
libpython3.10-minimal:amd64	3.10.17-1+focal1
libpython3.10-stdlib:amd64	3.10.17-1+focal1
libpython3.5-minimal:amd64	3.5.2-2ubuntu0~16.04.13
libpython3.5-stdlib:amd64	3.5.2-2ubuntu0~16.04.13
libpython3.6-minimal:amd64	3.6.9-1~18.04ubuntu1.12
libpython3.8:amd64	3.8.10-0ubuntu1~20.04.18
libpython3.8-dev:amd64	3.8.10-0ubuntu1~20.04.18
libpython3.8-minimal:amd64	3.8.10-0ubuntu1~20.04.18
libpython3.8-stdlib:amd64	3.8.10-0ubuntu1~20.04.18
libpython3-dev:amd64	3.8.2-0ubuntu2
libpython3-stdlib:amd64	3.8.2-0ubuntu2
libqmi-glib1:amd64	1.12.6-1
libqmi-glib5:amd64	1.30.4-1~ubuntu20.04.1
libqmi-proxy	1.30.4-1~ubuntu20.04.1
libqpdf26:amd64	9.1.1-1ubuntu0.1
libqqwing2v5:amd64	1.3.4-1.1build1
libqt5core5a:amd64	5.12.8+dfsg-0ubuntu2.1
libqt5dbus5:amd64	5.12.8+dfsg-0ubuntu2.1
libqt5gui5:amd64	5.12.8+dfsg-0ubuntu2.1
libqt5network5:amd64	5.12.8+dfsg-0ubuntu2.1
libqt5sql5:amd64	5.12.8+dfsg-0ubuntu2.1
libqt5sql5-sqlite:amd64	5.12.8+dfsg-0ubuntu2.1
libqt5svg5:amd64	5.12.8-0ubuntu1
libqt5widgets5:amd64	5.12.8+dfsg-0ubuntu2.1
libqtcore4:amd64	4:4.8.7+dfsg-7ubuntu1
libquadmath0:amd64	10.5.0-1ubuntu1~20.04
libquvi7:amd64	0.4.1-3
librados2	15.2.17-0ubuntu0.20.04.6
libraptor2-0:amd64	2.0.15-0ubuntu1.20.04.2
librasqal3:amd64	0.9.33-0.1
libraw1394-11:amd64	2.1.2-1
libraw19:amd64	0.19.5-1ubuntu1.4
librbd1	15.2.17-0ubuntu0.20.04.6
librdf0:amd64	1.0.17-1.1ubuntu1
librdmacm1:amd64	28.0-1ubuntu1
libreadline5:amd64	5.2+dfsg-3build3
libreadline6:amd64	6.3-8ubuntu2
libreadline8:amd64	8.0-4
libreadline-dev:amd64	8.0-4
libreadonly-perl	2.050-2
libreoffice-avmedia-backend-gstreamer	1:6.4.7-0ubuntu0.20.04.15
libreoffice-base-core	1:6.4.7-0ubuntu0.20.04.15
libreoffice-calc	1:6.4.7-0ubuntu0.20.04.15
libreoffice-common	1:6.4.7-0ubuntu0.20.04.15
libreoffice-core	1:6.4.7-0ubuntu0.20.04.15
libreoffice-draw	1:6.4.7-0ubuntu0.20.04.15
libreoffice-gnome	1:6.4.7-0ubuntu0.20.04.15
libreoffice-gtk3	1:6.4.7-0ubuntu0.20.04.15
libreoffice-help-common	1:6.4.7-0ubuntu0.20.04.15
libreoffice-help-en-us	1:6.4.7-0ubuntu0.20.04.15
libreoffice-impress	1:6.4.7-0ubuntu0.20.04.15
libreoffice-math	1:6.4.7-0ubuntu0.20.04.15
libreoffice-ogltrans	1:6.4.7-0ubuntu0.20.04.15
libreoffice-pdfimport	1:6.4.7-0ubuntu0.20.04.15
libreoffice-style-breeze	1:6.4.7-0ubuntu0.20.04.15
libreoffice-style-colibre	1:6.4.7-0ubuntu0.20.04.15
libreoffice-style-elementary	1:6.4.7-0ubuntu0.20.04.15
libreoffice-style-tango	1:6.4.7-0ubuntu0.20.04.15
libreoffice-writer	1:6.4.7-0ubuntu0.20.04.15
librest-0.7-0:amd64	0.8.1-1
librevenge-0.0-0:amd64	0.0.4-6ubuntu5
librhythmbox-core10:amd64	3.4.4-1ubuntu2
libridl-java	1:6.4.7-0ubuntu0.20.04.15
libroken18-heimdal:amd64	7.7.0+dfsg-1ubuntu1.4
librole-tiny-perl	2.001004-1
librsvg2-2:amd64	2.48.9-1ubuntu0.20.04.4
librsvg2-common:amd64	2.48.9-1ubuntu0.20.04.4
librsync2:amd64	2.0.2-1ubuntu1
librtmp1:amd64	2.4+20151223.gitfa8646d.1-2build1
libruby2.7:amd64	2.7.0-5ubuntu1.18
librygel-core-2.6-2:amd64	0.38.3-1ubuntu1
librygel-db-2.6-2:amd64	0.38.3-1ubuntu1
librygel-renderer-2.6-2:amd64	0.38.3-1ubuntu1
librygel-server-2.6-2:amd64	0.38.3-1ubuntu1
libsamplerate0:amd64	0.1.9-2
libsane:amd64	1.0.29-0ubuntu5.2
libsane-common	1.0.29-0ubuntu5.2
libsane-hpaio:amd64	3.20.3+dfsg0-2ubuntu0.1
libsasl2-2:amd64	2.1.27+dfsg-2ubuntu0.1
libsasl2-modules:amd64	2.1.27+dfsg-2ubuntu0.1
libsasl2-modules-db:amd64	2.1.27+dfsg-2ubuntu0.1
libsbc1:amd64	1.4-1
libsctp1:amd64	1.0.18+dfsg-1
libseccomp2:amd64	2.5.1-1ubuntu1~20.04.2
libsecret-1-0:amd64	0.20.4-0ubuntu1
libsecret-common	0.20.4-0ubuntu1
libselinux1:amd64	3.0-1build2
libsemanage1:amd64	3.0-1build2
libsemanage-common	3.0-1build2
libsensors4:amd64	1:3.4.0-4ubuntu0.1
libsensors5:amd64	1:3.6.0-2ubuntu1.1
libsensors-config	1:3.6.0-2ubuntu1.1
libsepol1:amd64	3.0-1ubuntu0.1
libsgutils2-2	1.44-1ubuntu2
libshout3:amd64	2.4.3-1
libsigc++-2.0-0v5:amd64	2.10.2-1build1
libsignon-glib1:amd64	1.14+17.04.20161117-0ubuntu5
libsigsegv2:amd64	2.12-2
libslang2:amd64	2.3.2-4
libslirp0:amd64	4.1.0-2ubuntu2.2
libsm6:amd64	2:1.2.3-1
libsmartcols1:amd64	2.34-0.1ubuntu9.6
libsmbclient:amd64	2:4.15.13+dfsg-0ubuntu0.20.04.8
libsmbios-c2	2.4.3-1
libsm-dev:amd64	2:1.2.3-1
libsnapd-glib1:amd64	1.58-0ubuntu0.20.04.0
libsndfile1:amd64	1.0.28-7ubuntu0.3
libsnmp35:amd64	5.8+dfsg-2ubuntu2.9
libsnmp-base	5.8+dfsg-2ubuntu2.9
libsocket6-perl	0.29-1build1
libsodium23:amd64	1.0.18-1
libsonic0:amd64	0.2.0-8
libsoup2.4-1:amd64	2.70.0-1ubuntu0.5
libsoup-gnome2.4-1:amd64	2.70.0-1ubuntu0.5
libsoxr0:amd64	0.1.3-2build1
libspectre1:amd64	0.2.8-2
libspeechd2:amd64	0.9.1-4
libspeex1:amd64	1.2~rc1.2-1.1ubuntu1.20.04.1
libspeexdsp1:amd64	1.2~rc1.2-1.1ubuntu1.20.04.1
libspice-client-glib-2.0-8:amd64	0.37-2fakesync1
libspice-client-gtk-3.0-5:amd64	0.37-2fakesync1
libspice-server1:amd64	0.14.2-4ubuntu3.1
libsqlite3-0:amd64	3.31.1-4ubuntu0.7
libsqlite3-dev:amd64	3.31.1-4ubuntu0.7
libss2:amd64	1.45.5-2ubuntu1.2
libssh-4:amd64	0.9.3-2ubuntu2.5
libssl1.0.0:amd64	1.0.2n-1ubuntu5.13
libssl1.1:amd64	1.1.1f-1ubuntu2.24
libssl-dev:amd64	1.1.1f-1ubuntu2.24
libssl-doc	1.1.1f-1ubuntu2.24
libstartup-notification0:amd64	0.12-6
libstdc++6:amd64	10.5.0-1ubuntu1~20.04
libstdc++-9-dev:amd64	9.4.0-1ubuntu1~20.04.2
libstemmer0d:amd64	0+svn585-2
libstrictures-perl	2.000006-1
libstring-shellquote-perl	1.04-1
libsuitesparseconfig5:amd64	1:5.7.1+dfsg-2
libsynctex2:amd64	2019.20190605.51237-3ubuntu0.2
libsysmetrics1:amd64	1.6.1ubuntu0.1
libsystemd0:amd64	245.4-4ubuntu3.24
libsystemd-journal0:amd64	204-5ubuntu20
libsys-virt-perl	5.0.0-1build1
libtag1v5:amd64	1.11.1+dfsg.1-0.3ubuntu2
libtag1v5-vanilla:amd64	1.11.1+dfsg.1-0.3ubuntu2
libtalloc2:amd64	2.3.3-0ubuntu0.20.04.1
libtasn1-6:amd64	4.16.0-2ubuntu0.1
libtcl8.6:amd64	8.6.10+dfsg-1
libtdb1:amd64	1.4.5-0ubuntu0.20.04.1
libteamdctl0:amd64	1.30-1
libtelepathy-glib0:amd64	0.24.1-2ubuntu1
libtepl-4-0:amd64	4.4.0-1
libtevent0:amd64	0.11.0-0ubuntu0.20.04.1
libtext-charwidth-perl	0.04-10
libtext-iconv-perl	1.7-7
libtext-levenshtein-perl	0.13-1
libtext-wrapi18n-perl	0.06-9
libthai0:amd64	0.1.28-3
libthai-data	0.1.28-3
libtheora0:amd64	1.1.1+dfsg.1-15ubuntu2
libtie-ixhash-perl	1.23-2
libtiff5:amd64	4.1.0+git191117-2ubuntu0.20.04.14
libtimedate-perl	2.3200-1
libtimezonemap1:amd64	0.4.6-2
libtimezonemap-data	0.4.6-2
libtinfo5:amd64	6.2-0ubuntu2.1
libtinfo6:amd64	6.2-0ubuntu2.1
libtirpc1:amd64	0.2.5-1.2ubuntu0.1
libtirpc3:amd64	1.2.5-1ubuntu0.1
libtirpc-common	1.2.5-1ubuntu0.1
libtk8.6:amd64	8.6.10-1
libtool	2.4.6-14
libtotem0:amd64	3.34.1-2ubuntu2
libtotem-plparser18:amd64	3.26.5-1ubuntu1
libtotem-plparser-common	3.26.5-1ubuntu1
libtracker-control-2.0-0:amd64	2.3.6-0ubuntu1
libtracker-miner-2.0-0:amd64	2.3.6-0ubuntu1
libtracker-sparql-2.0-0:amd64	2.3.6-0ubuntu1
libtry-tiny-perl	0.30-1
libtsan0:amd64	10.5.0-1ubuntu1~20.04
libtsk13	4.6.7-1build1
libtss2-esys0	2.3.2-1ubuntu0.20.04.2
libtwolame0:amd64	0.4.0-2
libtxc-dxtn-s2tc0:amd64	0~git20131104-1.1
libtypes-serialiser-perl	1.0-1
libu2f-udev	1.1.10-1
libubsan0:amd64	7.5.0-6ubuntu2
libubsan1:amd64	10.5.0-1ubuntu1~20.04
libuchardet0:amd64	0.0.6-3build1
libudev1:amd64	245.4-4ubuntu3.24
libudisks2-0:amd64	2.8.4-1ubuntu2
libunbound8:amd64	1.9.4-2ubuntu1.11
libunistring0:amd64	0.9.3-5.2ubuntu1
libunistring2:amd64	0.9.10-2
libunity9:amd64	7.1.4+19.04.20190319-0ubuntu3
libunity-control-center1	15.04.0+19.10.20190921-0ubuntu3
libunity-core-6.0-9:amd64	7.5.1+20.04.20211026.1-0ubuntu1
libunity-gtk2-parser0:amd64	0.0.0+18.04.20171202-0ubuntu2
libunity-gtk3-parser0:amd64	0.0.0+18.04.20171202-0ubuntu2
libunity-misc4	4.0.5+14.04.20140115-0ubuntu3
libunity-protocol-private0:amd64	7.1.4+19.04.20190319-0ubuntu3
libunity-scopes-json-def-desktop	7.1.4+19.04.20190319-0ubuntu3
libunity-settings-daemon1:amd64	15.04.1+20.04.20200325-0ubuntu1
libuno-cppu3	1:6.4.7-0ubuntu0.20.04.15
libuno-cppuhelpergcc3-3	1:6.4.7-0ubuntu0.20.04.15
libunoloader-java	1:6.4.7-0ubuntu0.20.04.15
libuno-purpenvhelpergcc3-3	1:6.4.7-0ubuntu0.20.04.15
libuno-sal3	1:6.4.7-0ubuntu0.20.04.15
libuno-salhelpergcc3-3	1:6.4.7-0ubuntu0.20.04.15
libunwind8:amd64	1.2.1-9ubuntu0.1
libupower-glib3:amd64	0.99.11-1build2
liburi-perl	1.76-2
liburl-dispatcher1:amd64	0.1+17.04.20170328-0ubuntu4
libusb-0.1-4:amd64	2:0.1.12-32
libusb-1.0-0:amd64	2:1.0.23-2build1
libusbmuxd6:amd64	2.0.1-2
libusbredirhost1:amd64	0.8.0-1ubuntu0.1
libusbredirparser1:amd64	0.8.0-1ubuntu0.1
libustr-1.0-1:amd64	1.0.4-6
libutempter0:amd64	1.1.6-4
libuuid1:amd64	2.34-0.1ubuntu9.6
libuuid-perl	0.28-1build1
libuv1:amd64	1.34.2-1ubuntu1.5
libv4l-0:amd64	1.18.0-2build1
libv4lconvert0:amd64	1.18.0-2build1
libva2:amd64	2.7.0-2
libva-x11-2:amd64	2.7.0-2
libvirglrenderer1:amd64	0.8.2-1ubuntu1.1
libvirt0:amd64	6.0.0-0ubuntu8.20
libvirt-clients	6.0.0-0ubuntu8.20
libvirt-daemon	6.0.0-0ubuntu8.20
libvirt-daemon-driver-qemu	6.0.0-0ubuntu8.20
libvirt-daemon-driver-storage-rbd	6.0.0-0ubuntu8.20
libvirt-daemon-system	6.0.0-0ubuntu8.20
libvirt-daemon-system-systemd	6.0.0-0ubuntu8.20
libvirt-dev:amd64	6.0.0-0ubuntu8.20
libvirt-glib-1.0-0:amd64	3.0.0-1
libvisio-0.1-1:amd64	0.1.7-1build2
libvisual-0.4-0:amd64	0.4.0-17
libvncclient1:amd64	0.9.12+dfsg-9ubuntu0.3
libvolume-key1	0.3.12-3.1
libvorbis0a:amd64	1.3.6-2ubuntu1
libvorbisenc2:amd64	1.3.6-2ubuntu1
libvorbisfile3:amd64	1.3.6-2ubuntu1
libvpx6:amd64	1.8.2-1ubuntu0.4
libvte-2.91-0:amd64	0.60.3-0ubuntu1~20.5
libvte-2.91-common	0.60.3-0ubuntu1~20.5
libvulkan1:amd64	1.2.131.2-1
libwacom2:amd64	1.3-2ubuntu3
libwacom-bin	1.3-2ubuntu3
libwacom-common	1.3-2ubuntu3
libwavpack1:amd64	5.2.0-1ubuntu0.1
libwayland-client0:amd64	1.18.0-1ubuntu0.1
libwayland-cursor0:amd64	1.18.0-1ubuntu0.1
libwayland-egl1:amd64	1.18.0-1ubuntu0.1
libwayland-server0:amd64	1.18.0-1ubuntu0.1
libwbclient0:amd64	2:4.15.13+dfsg-0ubuntu0.20.04.8
libwebkit2gtk-4.0-37:amd64	2.38.6-0ubuntu0.20.04.1
libwebp6:amd64	0.6.1-2ubuntu0.20.04.3
libwebpdemux2:amd64	0.6.1-2ubuntu0.20.04.3
libwebpmux3:amd64	0.6.1-2ubuntu0.20.04.3
libwebrtc-audio-processing-0:amd64	0.1-3ubuntu1~gcc5.1
libwebrtc-audio-processing1:amd64	0.3.1-0ubuntu3
libwhoopsie0:amd64	0.2.69ubuntu0.3
libwhoopsie-preferences0	22
libwind0-heimdal:amd64	7.7.0+dfsg-1ubuntu1.4
libwin-hivex-perl	1.3.18-2ubuntu0.1
libwinpr2-2:amd64	2.6.1+dfsg1-0ubuntu0.20.04.2
libwmf0.2-7:amd64	0.2.8.4-17ubuntu1
libwmf0.2-7-gtk	0.2.8.4-17ubuntu1
libwnck-3-0:amd64	3.36.0-1
libwnck-3-common	3.36.0-1
libwoff1:amd64	1.0.2-1build2
libwpd-0.10-10:amd64	0.10.3-1build1
libwpg-0.3-3:amd64	0.3.3-1build1
libwps-0.4-4:amd64	0.4.10-1build1
libwrap0:amd64	7.6.q-30
libwww-perl	6.43-1
libwww-robotrules-perl	6.02-1
libx11-6:amd64	2:1.6.9-2ubuntu1.6
libx11-data	2:1.6.9-2ubuntu1.6
libx11-dev:amd64	2:1.6.9-2ubuntu1.6
libx11-protocol-perl	0.56-7
libx11-xcb1:amd64	2:1.6.9-2ubuntu1.6
libxapian30:amd64	1.4.14-2
libxatracker2:amd64	21.2.6-0ubuntu0.1~20.04.2
libxau6:amd64	1:1.0.9-0ubuntu1
libxau-dev:amd64	1:1.0.9-0ubuntu1
libxaw7:amd64	2:1.0.13-1
libxcb1:amd64	1.14-2
libxcb1-dev:amd64	1.14-2
libxcb-dri2-0:amd64	1.14-2
libxcb-dri3-0:amd64	1.14-2
libxcb-glx0:amd64	1.14-2
libxcb-icccm4:amd64	0.4.1-1.1
libxcb-image0:amd64	0.4.0-1build1
libxcb-keysyms1:amd64	0.4.0-1build1
libxcb-present0:amd64	1.14-2
libxcb-randr0:amd64	1.14-2
libxcb-render0:amd64	1.14-2
libxcb-render-util0:amd64	0.3.9-1build1
libxcb-res0:amd64	1.14-2
libxcb-shape0:amd64	1.14-2
libxcb-shm0:amd64	1.14-2
libxcb-sync1:amd64	1.14-2
libxcb-util1:amd64	0.4.0-0ubuntu3
libxcb-xfixes0:amd64	1.14-2
libxcb-xinerama0:amd64	1.14-2
libxcb-xinput0:amd64	1.14-2
libxcb-xkb1:amd64	1.14-2
libxcb-xv0:amd64	1.14-2
libxcomposite1:amd64	1:0.4.5-1
libxcursor1:amd64	1:1.2.0-2
libxdamage1:amd64	1:1.1.5-2
libxdmcp6:amd64	1:1.1.3-0ubuntu1
libxdmcp-dev:amd64	1:1.1.3-0ubuntu1
libxencall1:amd64	4.11.3+24-g14b62ab3e5-1ubuntu2.3
libxen-dev	4.11.3+24-g14b62ab3e5-1ubuntu2.3
libxendevicemodel1:amd64	4.11.3+24-g14b62ab3e5-1ubuntu2.3
libxenevtchn1:amd64	4.11.3+24-g14b62ab3e5-1ubuntu2.3
libxenforeignmemory1:amd64	4.11.3+24-g14b62ab3e5-1ubuntu2.3
libxengnttab1:amd64	4.11.3+24-g14b62ab3e5-1ubuntu2.3
libxenmisc4.11:amd64	4.11.3+24-g14b62ab3e5-1ubuntu2.3
libxenstore3.0:amd64	4.11.3+24-g14b62ab3e5-1ubuntu2.3
libxentoolcore1:amd64	4.11.3+24-g14b62ab3e5-1ubuntu2.3
libxentoollog1:amd64	4.11.3+24-g14b62ab3e5-1ubuntu2.3
libxext6:amd64	2:1.3.4-0ubuntu1
libxext-dev:amd64	2:1.3.4-0ubuntu1
libxfixes3:amd64	1:5.0.3-2
libxfont2:amd64	1:2.0.3-1
libxft2:amd64	2.3.3-0ubuntu1
libxft-dev:amd64	2.3.3-0ubuntu1
libxi6:amd64	2:1.7.10-0ubuntu1
libxinerama1:amd64	2:1.1.4-2
libxkbcommon0:amd64	0.10.0-1
libxkbcommon-x11-0:amd64	0.10.0-1
libxkbfile1:amd64	1:1.1.0-1
libxklavier16:amd64	5.4-4
libxml2:amd64	2.9.10+dfsg-5ubuntu0.20.04.10
libxml2-utils	2.9.10+dfsg-5ubuntu0.20.04.10
libxmlb2:amd64	0.3.6-2build1~20.04.1
libxml-parser-perl	2.46-1
libxml-sax-perl	1.02+dfsg-1
libxmlsec1:amd64	1.2.28-2
libxmlsec1-nss:amd64	1.2.28-2
libxml-twig-perl	1:3.50-2
libxml-xpathengine-perl	0.14-1
libxml-xpath-perl	1.44-1
libxmu6:amd64	2:1.1.3-0ubuntu1
libxmuu1:amd64	2:1.1.3-0ubuntu1
libxpm4:amd64	1:3.5.12-1ubuntu0.20.04.2
libxrandr2:amd64	2:1.5.2-0ubuntu1
libxrender1:amd64	1:0.9.10-1
libxrender-dev:amd64	1:0.9.10-1
libxres1:amd64	2:1.2.0-4
libxshmfence1:amd64	1.3-1
libxslt1.1:amd64	1.1.34-4ubuntu0.20.04.3
libxss1:amd64	1:1.2.3-1
libxss-dev:amd64	1:1.2.3-1
libxt6:amd64	1:1.1.5-1
libxtables11:amd64	1.6.0-2ubuntu3
libxtables12:amd64	1.8.4-3ubuntu2.1
libxt-dev:amd64	1:1.1.5-1
libxtst6:amd64	2:1.2.3-1
libxv1:amd64	2:1.0.11-1
libxvmc1:amd64	2:1.0.12-2
libxxf86dga1:amd64	2:1.1.5-0ubuntu1
libxxf86vm1:amd64	1:1.1.4-1build1
libyajl2:amd64	2.1.0-3ubuntu0.20.04.1
libyaml-0-2:amd64	0.2.2-1
libyaml-tiny-perl	1.73-1
libyara3:amd64	3.9.0-1
libyelp0:amd64	3.36.2-0ubuntu1.1
libzeitgeist-2.0-0:amd64	1.0.2-3ubuntu2
libzstd1:amd64	1.4.4+dfsg-3ubuntu0.1
lightdm	1.30.0-0ubuntu4~20.04.2
light-themes	19.04-0ubuntu3
lintian	2.62.0ubuntu2.5
linux-base	4.5ubuntu3.7
linux-firmware	1.187.39
linux-generic	5.4.0.216.208
linux-headers-4.15.0-213	4.15.0-213.224
linux-headers-4.15.0-213-generic	4.15.0-213.224
linux-headers-4.4.0-210	4.4.0-210.242
linux-headers-4.4.0-210-generic	4.4.0-210.242
linux-headers-5.4.0-216	5.4.0-216.236
linux-headers-5.4.0-216-generic	5.4.0-216.236
linux-headers-generic	5.4.0.216.208
linux-image-4.15.0-213-generic	4.15.0-213.224
linux-image-4.4.0-210-generic	4.4.0-210.242
linux-image-4.4.0-31-generic	4.4.0-31.50
linux-image-5.4.0-216-generic	5.4.0-216.236
linux-image-extra-4.4.0-31-generic	4.4.0-31.50
linux-image-generic	5.4.0.216.208
linux-libc-dev:amd64	5.4.0-216.236
linux-modules-4.15.0-213-generic	4.15.0-213.224
linux-modules-4.4.0-210-generic	4.4.0-210.242
linux-modules-5.4.0-216-generic	5.4.0-216.236
linux-modules-extra-4.15.0-213-generic	4.15.0-213.224
linux-modules-extra-4.4.0-210-generic	4.4.0-210.242
linux-modules-extra-5.4.0-216-generic	5.4.0-216.236
linux-sound-base	1.0.25+dfsg-0ubuntu5
lm-sensors	1:3.6.0-2ubuntu1.1
locales	2.31-0ubuntu9.18
login	1:4.8.1-1ubuntu5.20.04.5
logrotate	3.14.0-4ubuntu3
logsave	1.45.5-2ubuntu1.2
lp-solve	5.5.0.15-4build1
lsb-base	11.1.0ubuntu2
lsb-release	11.1.0ubuntu2
lshw	02.18.85-0.3ubuntu2.20.04.1
lsof	4.93.2+dfsg-1ubuntu0.20.04.1
lsscsi	0.30-0.1
ltrace	0.7.3-6.1ubuntu1.1
lvm2	2.03.07-1ubuntu1
lz4	1.9.2-2ubuntu0.20.04.1
lzop	1.04-1
m4	1.4.18-4
make	4.2.1-1.2
makedev	2.3.1-94
man-db	2.9.1-1
manpages	5.05-1
manpages-dev	5.05-1
mawk	1.3.4.20200120-2
mdadm	4.1-5ubuntu1.2
media-player-info	24-2
memtest86+	5.01-3.1ubuntu2.1
memtester	4.3.0-4
mesa-utils	8.4.0-1build1
mesa-va-drivers:amd64	21.2.6-0ubuntu0.1~20.04.2
mesa-vulkan-drivers:amd64	21.2.6-0ubuntu0.1~20.04.2
metacity-common	1:3.36.1-1ubuntu1
mime-support	3.64ubuntu1
mlocate	0.26-3ubuntu3
mobile-broadband-provider-info	20190618-3
modemmanager	1.18.6-1~ubuntu20.04.1
mokutil	0.6.0-2~20.04.2
mount	2.34-0.1ubuntu9.6
mountall	2.54ubuntu1
mousetweaks	3.32.0-2
mscompress	0.4-7
msr-tools	1.3-3
mtools	4.0.24-1
mtr-tiny	0.93-1
multiarch-support	2.27-3ubuntu1.6
mutter	3.36.9-0ubuntu0.20.04.2
mutter-common	3.36.9-0ubuntu0.20.04.2
mysql-common	5.8+1.0.5ubuntu2
mythes-en-us	1:6.4.3-1
nano	4.8-1ubuntu1.1
nautilus	1:3.36.3-0ubuntu1.20.04.2
nautilus-data	1:3.36.3-0ubuntu1.20.04.2
nautilus-extension-gnome-terminal	3.36.2-1ubuntu1~20.04
nautilus-sendto	3.8.6-3ubuntu0.20.04.1
nautilus-share	0.7.3-2ubuntu3.1
ncurses-base	6.2-0ubuntu2.1
ncurses-bin	6.2-0ubuntu2.1
ncurses-term	6.2-0ubuntu2.1
nemo-data	4.4.2-2ubuntu2
netbase	6.1
netcat-openbsd	1.206-1ubuntu1
netpbm	2:10.0-15.3build1
netplan.io	0.104-0ubuntu2~20.04.6
net-tools	1.60+git20180626.aebd88e-1ubuntu1.3
network-manager	1.22.10-1ubuntu2.4
network-manager-config-connectivity-ubuntu	1.22.10-1ubuntu2.4
network-manager-gnome	1.8.24-1ubuntu3
network-manager-openvpn	1.8.12-1
network-manager-openvpn-gnome	1.8.12-1
network-manager-pptp	1.2.8-2
network-manager-pptp-gnome	1.2.8-2
nfs-common	1:1.3.4-2.5ubuntu3.7
notify-osd	0.9.35+20.04.20191129-0ubuntu1
notify-osd-icons	0.8+15.10.20151016.2-0ubuntu1
nplan	0.99-0ubuntu3~18.04.5
ntfs-3g	1:2017.3.23AR.3-3ubuntu1.3
ntp	1:4.2.8p12+dfsg-3ubuntu4.20.04.1
nux-tools	4.0.8+18.10.20180623-0ubuntu1
onboard-common	1.4.1-2ubuntu7
openoffice.org-hyphenation	0.10
openprinting-ppds	20200401-1
openssh-client	1:8.2p1-4ubuntu0.13
openssh-server	1:8.2p1-4ubuntu0.13
openssh-sftp-server	1:8.2p1-4ubuntu0.13
openssl	1.1.1f-1ubuntu2.24
openvpn	2.4.12-0ubuntu0.20.04.2
openvswitch-common	2.13.8-0ubuntu1.4
openvswitch-pki	2.13.8-0ubuntu1.4
openvswitch-switch	2.13.8-0ubuntu1.4
openvswitch-testcontroller	2.13.8-0ubuntu1.4
orca	3.36.2-1ubuntu1~20.04.2
osinfo-db	0.20200325-1
os-prober	1.74ubuntu2
overlay-scrollbar	0.2.17.1+16.04.20151117-0ubuntu2
overlay-scrollbar-gtk2:amd64	0.2.17.1+16.04.20151117-0ubuntu2
ovmf	0~20191122.bd85bf54-2ubuntu3.6
p11-kit	0.23.20-1ubuntu0.1
p11-kit-modules:amd64	0.23.20-1ubuntu0.1
packagekit	1.1.13-2ubuntu1.1
packagekit-tools	1.1.13-2ubuntu1.1
parted	3.3-4ubuntu0.20.04.1
passwd	1:4.8.1-1ubuntu5.20.04.5
patch	2.7.6-6
patchutils	0.3.4-2
pci.ids	0.0~2020.03.20-1
pciutils	1:3.6.4-1ubuntu0.20.04.1
pcmciautils	018-11
pep8	1.7.1-9ubuntu1
perl	5.30.0-9ubuntu0.5
perl-base	5.30.0-9ubuntu0.5
perl-modules-5.26	5.26.1-6ubuntu0.7
perl-modules-5.30	5.30.0-9ubuntu0.5
perl-openssl-defaults:amd64	4
pigz	2.4-1
pinentry-gnome3	1.1.0-3build1
pkg-config	0.29.1-0ubuntu4
plymouth	0.9.4git20200323-0ubuntu6.2
plymouth-label	0.9.4git20200323-0ubuntu6.2
plymouth-theme-spinner	0.9.4git20200323-0ubuntu6.2
plymouth-theme-ubuntu-logo	0.9.4git20200323-0ubuntu6.2
plymouth-theme-ubuntu-text	0.9.4git20200323-0ubuntu6.2
pm-utils	1.4.1-17
policykit-1	0.105-26ubuntu1.3
policykit-1-gnome	0.105-7ubuntu2
policykit-desktop-privileges	0.21
poppler-data	0.4.9-2
poppler-utils	0.86.1-0ubuntu1.7
popularity-contest	1.69ubuntu1
powermgmt-base	1.36
ppp	2.4.7-2+4.1ubuntu5.1
pppconfig	2.3.24
pppoeconf	1.21ubuntu1
pptp-linux	1.10.0-1build1
printer-driver-brlaser	6-1build1
printer-driver-c2esp	27-6
printer-driver-foo2zjs	20171202dfsg0-4ubuntu0.1
printer-driver-foo2zjs-common	20171202dfsg0-4ubuntu0.1
printer-driver-gutenprint	5.3.3-4
printer-driver-hpcups	3.20.3+dfsg0-2ubuntu0.1
printer-driver-m2300w	0.51-14
printer-driver-min12xxw	0.0.9-11
printer-driver-pnm2ppa	1.13+nondbs-0ubuntu6
printer-driver-postscript-hp	3.20.3+dfsg0-2ubuntu0.1
printer-driver-ptouch	1.4.2-3
printer-driver-pxljr	1.4+repack0-5
printer-driver-sag-gdi	0.1-7
printer-driver-splix	2.0.0+svn315-7fakesync1ubuntu0.1
procps	2:3.3.16-1ubuntu2.4
psmisc	23.3-1
publicsuffix	20200303.0012-1
pulseaudio	1:13.99.1-1ubuntu3.13
pulseaudio-module-bluetooth	1:13.99.1-1ubuntu3.13
pulseaudio-utils	1:13.99.1-1ubuntu3.13
pycodestyle	2.5.0-2
pyflakes	2.1.1-2ubuntu1
pyflakes3	2.1.1-2ubuntu1
pylint	2.4.4-2
python2	2.7.17-2ubuntu4
python	2.7.15~rc1-1
python2.7	2.7.18-1~20.04.7
python2.7-minimal	2.7.18-1~20.04.7
python2-minimal	2.7.17-2ubuntu4
python3.10	3.10.17-1+focal1
python3.10-distutils	3.10.17-1+focal1
python3.10-lib2to3	3.10.17-1+focal1
python3.10-minimal	3.10.17-1+focal1
python3.10-venv	3.10.17-1+focal1
python3	3.8.2-0ubuntu2
python3.5	3.5.2-2ubuntu0~16.04.13
python3.5-minimal	3.5.2-2ubuntu0~16.04.13
python3.5-venv	3.5.2-2ubuntu0~16.04.13
python3.6-minimal	3.6.9-1~18.04ubuntu1.12
python3.6-venv	3.6.9-1~18.04ubuntu1.12
python3.8	3.8.10-0ubuntu1~20.04.18
python3.8-dev	3.8.10-0ubuntu1~20.04.18
python3.8-minimal	3.8.10-0ubuntu1~20.04.18
python3.8-venv	3.8.10-0ubuntu1~20.04.18
python3-apport	2.20.11-0ubuntu27.30
python3-apt	2.0.1ubuntu0.20.04.1
python3-aptdaemon	1.1.1+bzr982-0ubuntu32.3
python3-aptdaemon.gtk3widgets	1.1.1+bzr982-0ubuntu32.3
python3-aptdaemon.pkcompat	1.1.1+bzr982-0ubuntu14.5
python3-asn1crypto	0.24.0-1build1
python3-astroid	2.3.3-1
python3-bcrypt	3.1.7-2ubuntu1
python3-blinker	1.4+dfsg1-0.3ubuntu1
python3-brlapi:amd64	6.0+dfsg-4ubuntu6
python3-cairo:amd64	1.16.2-2ubuntu2
python3-certifi	2019.11.28-1
python3-cffi	1.14.0-1build1
python3-cffi-backend	1.14.0-1build1
python3-chardet	3.0.4-4build1
python3-click	7.0-3
python3-colorama	0.4.3-1build1
python3-commandnotfound	20.04.6
python3-cryptography	2.8-3ubuntu0.3
python3-cups	1.9.73-3build1
python3-cupshelpers	1.5.12-0ubuntu1.1
python3-dateutil	2.7.3-3ubuntu1
python3-dbus	1.2.16-1build1
python3-debconf	1.5.73
python3-debian	0.1.36ubuntu1.1
python3-defer	1.0.6-2.1
python3-dev	3.8.2-0ubuntu2
python3-distro	1.4.0-1
python3-distro-info	0.23ubuntu1.1
python3-distupgrade	1:20.04.41
python3-distutils	3.8.10-0ubuntu1~20.04
python3-entrypoints	0.3-2ubuntu1
python3-fasteners	0.14.1-2
python3-future	0.18.2-2ubuntu0.1
python3-gdbm:amd64	3.8.10-0ubuntu1~20.04
python3-gi	3.36.0-1
python3-gi-cairo	3.36.0-1
python3-httplib2	0.14.0-1ubuntu1
python3-ibus-1.0	1.5.22-2ubuntu2.1
python3-idna	2.8-1ubuntu0.1
python3-isort	4.3.4+ds1-2
python3-jwt	1.7.1-2ubuntu2.1
python3-keyring	18.0.1-2ubuntu1
python3-launchpadlib	1.10.13-1
python3-lazr.restfulclient	0.14.2-2build1
python3-lazr.uri	1.0.3-4build1
python3-lazy-object-proxy	1.4.3-1build1
python3-ldb	2:2.4.4-0ubuntu0.20.04.2
python3-lib2to3	3.8.10-0ubuntu1~20.04
python3-libvirt	6.1.0-1
python3-libxml2:amd64	2.9.10+dfsg-5ubuntu0.20.04.10
python3-lockfile	1:0.12.2-2ubuntu2
python3-logilab-common	1.4.3-2
python3-louis	3.12.0-3ubuntu0.2
python3-macaroonbakery	1.3.1-1
python3-mako	1.1.0+ds1-1ubuntu2.1
python3-markupsafe	1.1.0-1build2
python3-mccabe	0.6.1-3
python3-minimal	3.8.2-0ubuntu2
python3-monotonic	1.5-0ubuntu2
python3-nacl	1.3.0-5
python3-netifaces	0.10.4-1ubuntu4
python3-oauthlib	3.1.0-1ubuntu2
python3-olefile	0.46-2
python3-openvswitch	2.13.8-0ubuntu1.4
python3-paramiko	2.6.0-2ubuntu0.3
python3-pexpect	4.6.0-1build1
python3-pil:amd64	7.0.0-4ubuntu0.9
python3-pip	20.0.2-5ubuntu1.11
python3-pkg-resources	45.2.0-1ubuntu0.3
python3-ply	3.11-3ubuntu0.1
python3-problem-report	2.20.11-0ubuntu27.30
python3-protobuf	3.6.1.3-2ubuntu5.2
python3-ptyprocess	0.6.0-1ubuntu1
python3-pyatspi	2.36.0-1
python3-pycodestyle	2.5.0-2
python3-pycparser	2.19-1ubuntu1
python3-pyflakes	2.1.1-2ubuntu1
python3-pymacaroons	0.13.0-3
python3-renderpm:amd64	3.5.34-1ubuntu1.1
python3-reportlab	3.5.34-1ubuntu1.1
python3-reportlab-accel:amd64	3.5.34-1ubuntu1.1
python3-requests	2.22.0-2ubuntu1.1
python3-requests-unixsocket	0.2.0-2
python3-rfc3339	1.1-2
python3-secretstorage	2.3.1-2ubuntu1
python3-setuptools	45.2.0-1ubuntu0.3
python3-simplejson	3.16.0-2ubuntu2
python3-six	1.14.0-2
python3-software-properties	0.99.9.12
python3-sortedcontainers	2.1.0-2
python3-speechd	0.9.1-4
python3-systemd	234-3build2
python3-talloc:amd64	2.3.3-0ubuntu0.20.04.1
python3-tk:amd64	3.8.10-0ubuntu1~20.04
python3-tz	2019.3-1ubuntu0.20.04.0
python3-uno	1:6.4.7-0ubuntu0.20.04.15
python3-update-manager	1:20.04.10.23
python3-urllib3	1.25.8-2ubuntu0.4
python3-venv	3.8.2-0ubuntu2
python3-wadllib	1.3.3-3build1
python3-wheel	0.34.2-1ubuntu0.1
python3-wrapt	1.11.2-2build1
python3-xdg	0.26-1ubuntu1
python3-xkit	0.5.0ubuntu4
python3-yaml	5.3.1-1ubuntu0.1
python3-zope.interface	4.7.1-1
python-apt-common	2.0.1ubuntu0.20.04.1
python-pip-whl	20.0.2-5ubuntu1.11
python-pkg-resources	44.0.0-2ubuntu0.1
python-pyflakes	2.1.1-2ubuntu1
python-tk	2.7.18-1
qemu-block-extra:amd64	1:4.2-3ubuntu6.30
qemu-efi-aarch64	0~20191122.bd85bf54-2ubuntu3.6
qemu-efi-arm	0~20191122.bd85bf54-2ubuntu3.6
qemu-guest-agent	1:4.2-3ubuntu6.30
qemu-kvm	1:4.2-3ubuntu6.30
qemu-slof	20191209+dfsg-1
qemu-system	1:4.2-3ubuntu6.30
qemu-system-arm	1:4.2-3ubuntu6.30
qemu-system-common	1:4.2-3ubuntu6.30
qemu-system-data	1:4.2-3ubuntu6.30
qemu-system-gui:amd64	1:4.2-3ubuntu6.30
qemu-system-mips	1:4.2-3ubuntu6.30
qemu-system-misc	1:4.2-3ubuntu6.30
qemu-system-ppc	1:4.2-3ubuntu6.30
qemu-system-s390x	1:4.2-3ubuntu6.30
qemu-system-sparc	1:4.2-3ubuntu6.30
qemu-system-x86	1:4.2-3ubuntu6.30
qemu-utils	1:4.2-3ubuntu6.30
qt5-gtk-platformtheme:amd64	5.12.8+dfsg-0ubuntu2.1
qtchooser	66-2build1
qttranslations5-l10n	5.12.8-0ubuntu1
rake	13.0.1-4
rasdaemon	0.6.5-1ubuntu1.2
readline-common	8.0-4
reiserfsprogs	1:3.6.27-3
remmina	1.4.25+dfsg-0ubuntu0.20.04.1
remmina-common	1.4.25+dfsg-0ubuntu0.20.04.1
remmina-plugin-rdp:amd64	1.4.25+dfsg-0ubuntu0.20.04.1
remmina-plugin-secret:amd64	1.4.25+dfsg-0ubuntu0.20.04.1
remmina-plugin-vnc:amd64	1.4.25+dfsg-0ubuntu0.20.04.1
resolvconf	1.82
rfkill	2.34-0.1ubuntu9.6
rhythmbox	3.4.4-1ubuntu2
rhythmbox-data	3.4.4-1ubuntu2
rpcbind	1.2.5-8
rsync	3.1.3-8ubuntu0.9
rsyslog	8.2001.0-1ubuntu1.3
rtkit	0.12-4
ruby	1:2.7+1
ruby2.7	2.7.0-5ubuntu1.18
rubygems-integration	1.16
ruby-json	2.3.0+dfsg-1build1
ruby-minitest	5.13.0-1
ruby-net-telnet	0.1.1-2
ruby-power-assert	1.1.7-1
ruby-test-unit	3.3.5-1
ruby-xmlrpc	0.3.0-2
rygel	0.38.3-1ubuntu1
samba-libs:amd64	2:4.15.13+dfsg-0ubuntu0.20.04.8
sane-utils	1.0.29-0ubuntu5.2
sbsigntool	0.9.2-2ubuntu1.1
scrub	2.6.1-1build2
seabios	1.13.0-1ubuntu1.1
seahorse	3.36-1
secureboot-db	1.5
sed	4.7-1
sensible-utils	0.0.12+nmu1
session-migration	0.3.5
session-shortcuts	1.4
sgml-base	1.29.1
sgml-data	2.0.11
shared-mime-info	1.15-1
sharutils	1:4.15.2-4build1
shim-signed	1.40.10+15.8-0ubuntu1
shotwell	0.30.10-0ubuntu0.1
shotwell-common	0.30.10-0ubuntu0.1
signond	8.59+17.10.20170606-0ubuntu1
simple-scan	3.36.3-0ubuntu0.20.04.0
sleuthkit	4.6.7-1build1
smartmontools	7.1-1build1
snapd	2.67.1+20.04
sni-qt:amd64	0.2.7+17.04.20170112-0ubuntu1
sntp	1:4.2.8p12+dfsg-3ubuntu4.20.04.1
socat	1.7.3.3-2
software-properties-common	0.99.9.12
software-properties-gtk	0.99.9.12
sound-icons	0.1-7
sound-theme-freedesktop	0.8-2ubuntu1
speech-dispatcher	0.9.1-4
speech-dispatcher-audio-plugins:amd64	0.9.1-4
speech-dispatcher-espeak-ng	0.9.1-4
spice-client-glib-usb-acl-helper	0.37-2fakesync1
spice-vdagent	0.19.0-2ubuntu0.2
sqlite3	3.31.1-4ubuntu0.7
squashfs-tools	1:4.4-1ubuntu0.3
ssh	1:8.2p1-4ubuntu0.13
ssh-askpass	1:1.2.4.1-10
ssh-import-id	5.10-0ubuntu1
ssl-cert	1.0.39
strace	5.5-3ubuntu1
stress-ng	0.11.07-1ubuntu2
sudo	1.8.31-1ubuntu1.5
supermin	5.1.20-2ubuntu1
suru-icon-theme	16.10+18.04.20181005-0ubuntu1
switcheroo-control	2.1-1
sysdig	0.40.1-rc2
syslinux	3:6.04~git20190206.bf6db5b4+dfsg1-2
syslinux-common	3:6.04~git20190206.bf6db5b4+dfsg1-2
syslinux-legacy	2:3.63+dfsg-2ubuntu9
sysstat	12.2.0-2ubuntu0.3
system-config-printer	1.5.12-0ubuntu1.1
system-config-printer-common	1.5.12-0ubuntu1.1
system-config-printer-udev	1.5.12-0ubuntu1.1
systemd	245.4-4ubuntu3.24
systemd-container	245.4-4ubuntu3.24
systemd-sysv	245.4-4ubuntu3.24
sysvinit-utils	2.96-2.1ubuntu1
sysv-rc	2.88dsf-59.3ubuntu2
tar	1.30+dfsg-7ubuntu0.20.04.4
tcl8.6	8.6.10+dfsg-1
tcl	8.6.9+1
tcl8.6-dev:amd64	8.6.10+dfsg-1
tcl-dev:amd64	8.6.9+1
tcpdump	4.9.3-4ubuntu0.3
telnet	0.17-41.2build1
thermald	1.9.1-1ubuntu0.7
thin-provisioning-tools	0.8.5-4build1
thunderbird	1:115.18.0+build1-0ubuntu0.20.04.1
thunderbird-gnome-support	1:115.18.0+build1-0ubuntu0.20.04.1
thunderbird-locale-en	1:115.18.0+build1-0ubuntu0.20.04.1
thunderbird-locale-en-us	1:115.18.0+build1-0ubuntu0.20.04.1
time	1.7-25.1build1
tk8.6	8.6.10-1
tk	8.6.9+1
tk8.6-blt2.5	2.5.3+dfsg-4
tk8.6-dev:amd64	8.6.10-1
tk-dev:amd64	8.6.9+1
tmux	3.0a-2ubuntu0.4
toshset	1.76-4
totem	3.34.1-2ubuntu2
totem-common	3.34.1-2ubuntu2
tpm-udev	0.4
traceroute	1:2.1.0-2
tracker	2.3.6-0ubuntu1
tracker-extract	2.3.3-2ubuntu0.20.04.2
tracker-miner-fs	2.3.3-2ubuntu0.20.04.2
transmission-common	2.94-2ubuntu3
transmission-gtk	2.94-2ubuntu3
tree	1.8.0-1
ttf-ancient-fonts-symbola	2.60-1
ttf-ubuntu-font-family	1:0.83-4ubuntu1
tzdata	2025b-0ubuntu0.20.04.1
ubuntu-advantage-desktop-daemon	1.10.ubuntu0.20.04.1
ubuntu-advantage-tools	35.1ubuntu0~20.04
ubuntu-artwork	1:19.04-0ubuntu3
ubuntu-core-launcher	2.58+18.04.1
ubuntu-desktop	1.450.2
ubuntu-desktop-minimal	1.450.2
ubuntu-docs	20.04.3
ubuntu-drivers-common	1:0.9.0~0.20.04.8
ubuntu-keyring	2020.02.11.4
ubuntu-minimal	1.450.2
ubuntu-mobile-icons	16.10+18.04.20181005-0ubuntu1
ubuntu-mono	19.04-0ubuntu3
ubuntu-pro-client	35.1ubuntu0~20.04
ubuntu-pro-client-l10n	35.1ubuntu0~20.04
ubuntu-release-upgrader-core	1:20.04.41
ubuntu-release-upgrader-gtk	1:20.04.41
ubuntu-report	1.6.1ubuntu0.1
ubuntu-session	3.36.0-2ubuntu1
ubuntu-settings	20.04.6
ubuntu-sounds	0.14
ubuntu-standard	1.450.2
ubuntu-touch-sounds	15.08
ubuntu-wallpapers	20.04.2-0ubuntu1
ubuntu-wallpapers-bionic	20.04.2-0ubuntu1
ubuntu-wallpapers-focal	20.04.2-0ubuntu1
ucf	3.0038+nmu1
udev	245.4-4ubuntu3.24
udisks2	2.8.4-1ubuntu2
ufw	0.36-6ubuntu1.1
unattended-upgrades	2.3ubuntu0.3
unity-accessibility-profiles	0.1.11-0ubuntu4
unity-asset-pool	0.8.24+17.10.20170507-0ubuntu1
unity-greeter	18.04.0+20.04.20200312-0ubuntu2
unity-gtk2-module:amd64	0.0.0+18.04.20171202-0ubuntu2
unity-gtk3-module:amd64	0.0.0+18.04.20171202-0ubuntu2
unity-gtk-module-common	0.0.0+18.04.20171202-0ubuntu2
unity-lens-applications	7.1.0+16.10.20160927-0ubuntu5
unity-lens-music	6.9.1+16.04-0ubuntu3
unity-schemas	7.5.1+20.04.20211026.1-0ubuntu1
unity-scope-home	6.8.2+19.04.20190412-0ubuntu2
unity-scopes-master-default	6.8.2+19.04.20190412-0ubuntu2
unity-services	7.5.1+20.04.20211026.1-0ubuntu1
unity-settings-daemon	15.04.1+20.04.20200325-0ubuntu1
unity-settings-daemon-schemas	15.04.1+20.04.20200325-0ubuntu1
unity-webapps-common	2.4.17+15.10.20150616-0ubuntu2
unity-webapps-service	2.5.0~+16.04.20160201-0ubuntu1
uno-libs-private	1:6.4.7-0ubuntu0.20.04.15
unzip	6.0-25ubuntu1.2
update-inetd	4.50
update-manager	1:20.04.10.23
update-manager-core	1:20.04.10.23
update-notifier	3.192.30.19
update-notifier-common	3.192.30.19
upower	0.99.11-1build2
upstart	1.13.2-0ubuntu21.1
ure	1:6.4.7-0ubuntu0.20.04.15
ureadahead	0.100.0-21
usb-creator-common	0.3.7
usb-creator-gtk	0.3.7
usb.ids	2020.03.19-1
usb-modeswitch	2.5.2+repack0-2ubuntu3
usb-modeswitch-data	20191128-3
usbmuxd	1.1.1~git20191130.9af2b12-1
usbutils	1:012-2
util-linux	2.34-0.1ubuntu9.6
uuid-dev:amd64	2.34-0.1ubuntu9.6
uuid-runtime	2.34-0.1ubuntu9.6
va-driver-all:amd64	2.7.0-2
vim-common	2:8.1.2269-1ubuntu5.32
vim-tiny	2:8.1.2269-1ubuntu5.32
vino	3.22.0-5ubuntu2.2
virtinst	1:2.2.1-3ubuntu2.2
virt-manager	1:2.2.1-3ubuntu2.2
virt-viewer	7.0-2build1
wamerican	2018.04.16-1
wbritish	2018.04.16-1
webbrowser-app	0.23+16.04.20161028-0ubuntu2
wget	1.20.3-1ubuntu2.1
whiptail	0.52.21-4ubuntu2
whoopsie	0.2.69ubuntu0.3
whoopsie-preferences	22
wireless-regdb	2024.07.04-0ubuntu1~20.04.1
wireless-tools	30~pre9-13ubuntu1
wpasupplicant	2:2.9-1ubuntu4.6
x11-apps	7.7+8
x11-common	1:7.7+19ubuntu14
x11proto-core-dev	2019.2-1ubuntu1
x11proto-dev	2019.2-1ubuntu1
x11proto-render-dev	2:2019.2-1ubuntu1
x11proto-scrnsaver-dev	2019.2-1ubuntu1
x11proto-xext-dev	2019.2-1ubuntu1
x11-session-utils	7.7+4
x11-utils	7.7+5
x11-xkb-utils	7.7+5
x11-xserver-utils	7.7+8
xauth	1:1.1-0ubuntu1
xbitmaps	1.1.1-2
xbrlapi	6.0+dfsg-4ubuntu6
xcursor-themes	1.0.6-0ubuntu1
xdg-dbus-proxy	0.1.2-1
xdg-desktop-portal	1.6.0-1ubuntu2
xdg-desktop-portal-gtk	1.6.0-1ubuntu1
xdg-user-dirs	0.17-2ubuntu1
xdg-user-dirs-gtk	0.10-3
xdg-utils	1.1.3-2ubuntu1.20.04.2
xfonts-base	1:1.0.5
xfonts-encodings	1:1.0.5-0ubuntu1
xfonts-scalable	1:1.0.3-1.1
xfonts-utils	1:7.7+6
xfsprogs	5.3.0-1ubuntu2.1
xinit	1.4.1-0ubuntu2
xinput	1.6.3-1
xkb-data	2.29-2
xml-core	0.18+nmu1
xorg	1:7.7+19ubuntu14
xorg-docs-core	1:1.7.1-1.1
xorg-sgml-doctools	1:1.11-1
xorgxrdp	1:0.2.12-1
xrdp	0.9.12-1ubuntu0.1
xserver-common	2:1.20.13-1ubuntu1~20.04.20
xserver-xephyr	2:1.20.13-1ubuntu1~20.04.20
xserver-xorg	1:7.7+19ubuntu14
xserver-xorg-core	2:1.20.13-1ubuntu1~20.04.20
xserver-xorg-input-all	1:7.7+19ubuntu14
xserver-xorg-input-evdev	1:2.10.6-1
xserver-xorg-input-libinput	0.29.0-1
xserver-xorg-input-synaptics	1.9.1-1ubuntu3
xserver-xorg-input-wacom	1:0.39.0-0ubuntu1
xserver-xorg-legacy	2:1.20.13-1ubuntu1~20.04.20
xserver-xorg-video-all	1:7.7+19ubuntu14
xserver-xorg-video-amdgpu	19.1.0-1ubuntu0.1
xserver-xorg-video-ati	1:19.1.0-1
xserver-xorg-video-fbdev	1:0.5.0-1ubuntu1
xserver-xorg-video-intel	2:2.99.917+git20200226-1
xserver-xorg-video-nouveau	1:1.0.16-1
xserver-xorg-video-qxl	0.1.5+git20200331-1
xserver-xorg-video-radeon	1:19.1.0-1
xserver-xorg-video-vesa	1:2.4.0-2
xserver-xorg-video-vmware	1:13.3.0-3
xterm	353-1ubuntu1.20.04.2
xtrans-dev	1.4.0-1
xul-ext-ubufox	3.4-0ubuntu1.17.10.1
xwayland	2:1.20.13-1ubuntu1~20.04.20
xxd	2:8.1.2269-1ubuntu5.32
xz-utils	5.2.4-1ubuntu1.1
yaru-theme-gnome-shell	20.04.11.1
yaru-theme-gtk	20.04.11.1
yaru-theme-icon	20.04.11.1
yaru-theme-sound	20.04.11.1
yelp	3.36.2-0ubuntu1.1
yelp-xsl	3.36.0-1ubuntu0.1
zeitgeist-core	1.0.2-3ubuntu2
zeitgeist-datahub	1.0.2-3ubuntu2
zenity	3.32.0-5
zenity-common	3.32.0-5
zerofree	1.1.1-1
zip	3.0-11build1
zlib1g:amd64	1:1.2.11.dfsg-2ubuntu1.5
zlib1g-dev:amd64	1:1.2.11.dfsg-2ubuntu1.5
